USE `nuconnect`;

-- Sample Data for Users Table
INSERT INTO `User` (userID, registrationDate, email, phoneNum, role, firstName, lastName, username, password, securityLevel) VALUES (1, '2023-09-28 17:04:23', 'devin19@moreno-saunders.biz', '(131)055-9724', 'student', 'Sherry', 'Thomas', 'craighughes', 'D9#$88Kau^', 'medium');
INSERT INTO `User` (userID, registrationDate, email, phoneNum, role, firstName, lastName, username, password, securityLevel) VALUES (2, '2020-01-31 08:13:33', 'joshua99@gmail.com', '855.634.9757x312', 'student', 'Kelly', 'Thomas', 'katiebrooks', '$E9K0&sb%3', 'high');
INSERT INTO `User` (userID, registrationDate, email, phoneNum, role, firstName, lastName, username, password, securityLevel) VALUES (3, '2023-12-22 00:31:58', 'tara29@roach-gonzalez.biz', '6263929997', 'student', 'Autumn', 'Pace', 'calvin34', '#TqPdswj7c', 'high');
INSERT INTO `User` (userID, registrationDate, email, phoneNum, role, firstName, lastName, username, password, securityLevel) VALUES (4, '2021-10-23 12:05:54', 'hamptonsydney@yahoo.com', '+1-586-177-6278x91528', 'student', 'Emily', 'Meadows', 'casericky', '1av1PJgi*A', 'low');
INSERT INTO `User` (userID, registrationDate, email, phoneNum, role, firstName, lastName, username, password, securityLevel) VALUES (5, '2020-06-18 02:27:37', 'rebecca47@maldonado.net', '756.094.9723', 'student', 'William', 'Stone', 'nelsonraymond', 'do8kWF!*J)', 'low');
INSERT INTO `User` (userID, registrationDate, email, phoneNum, role, firstName, lastName, username, password, securityLevel) VALUES (6, '2022-01-07 11:48:36', 'jessicakelley@campbell.org', '+1-723-076-7005x0002', 'student', 'Lisa', 'Wade', 'jeffreyhuynh', '#oGPyoUS18', 'medium');
INSERT INTO `User` (userID, registrationDate, email, phoneNum, role, firstName, lastName, username, password, securityLevel) VALUES (7, '2023-11-22 03:34:29', 'christopherlynch@gmail.com', '544-038-0346', 'student', 'Brittney', 'Ramirez', 'kbutler', 'H&6wb9Pm+D', 'high');
INSERT INTO `User` (userID, registrationDate, email, phoneNum, role, firstName, lastName, username, password, securityLevel) VALUES (8, '2020-06-27 01:37:19', 'georgebrittany@yahoo.com', '001-541-878-6665x895', 'student', 'Kimberly', 'Hernandez', 'robertbecker', 'H^a6%Teb%O', 'high');
INSERT INTO `User` (userID, registrationDate, email, phoneNum, role, firstName, lastName, username, password, securityLevel) VALUES (9, '2020-04-10 05:50:01', 'davidgraham@hawkins.biz', '001-275-704-6618x7395', 'student', 'Dustin', 'Lewis', 'jasonhamilton', '*URvEwDc#0', 'medium');
INSERT INTO `User` (userID, registrationDate, email, phoneNum, role, firstName, lastName, username, password, securityLevel) VALUES (10, '2024-04-15 12:33:49', 'waltersjeffrey@dixon.com', '940-720-8703x483', 'student', 'Martin', 'Chen', 'james48', 'b!3KPUgXZ+', 'low');
INSERT INTO `User` (userID, registrationDate, email, phoneNum, role, firstName, lastName, username, password, securityLevel) VALUES (11, '2024-10-09 06:15:12', 'christopher19@gmail.com', '756-023-1274x288', 'student', 'Tanya', 'Price', 'mark37', '02EAhSr*#A', 'low');
INSERT INTO `User` (userID, registrationDate, email, phoneNum, role, firstName, lastName, username, password, securityLevel) VALUES (12, '2022-12-05 13:11:26', 'angelamoore@webb.biz', '+1-862-074-3525x77266', 'student', 'Dawn', 'Moss', 'pburgess', 'NP+CJWf!#3', 'medium');
INSERT INTO `User` (userID, registrationDate, email, phoneNum, role, firstName, lastName, username, password, securityLevel) VALUES (13, '2022-05-29 14:24:07', 'wardjames@wise.com', '898-882-6565', 'student', 'Brian', 'Lee', 'pricemargaret', '@V3xPLIm%Z', 'low');
INSERT INTO `User` (userID, registrationDate, email, phoneNum, role, firstName, lastName, username, password, securityLevel) VALUES (14, '2022-08-29 10:50:49', 'john06@gmail.com', '(560)845-5017x402', 'student', 'Alisha', 'Anderson', 'zochoa', 'm6ECA8ho!m', 'high');
INSERT INTO `User` (userID, registrationDate, email, phoneNum, role, firstName, lastName, username, password, securityLevel) VALUES (15, '2024-11-08 16:13:55', 'dillonware@gmail.com', '508-249-1742', 'student', 'Kimberly', 'Evans', 'kimberlyherring', 'z^^i2V$gjz', 'medium');
INSERT INTO `User` (userID, registrationDate, email, phoneNum, role, firstName, lastName, username, password, securityLevel) VALUES (16, '2023-08-18 01:25:28', 'crawfordjohn@yahoo.com', '124.535.3607x27621', 'student', 'Jennifer', 'Moyer', 'laura01', '+vmc9mGoN0', 'low');
INSERT INTO `User` (userID, registrationDate, email, phoneNum, role, firstName, lastName, username, password, securityLevel) VALUES (17, '2023-11-19 13:19:45', 'ppotts@hotmail.com', '785-929-6058x09270', 'student', 'Cory', 'Becker', 'carl09', '_e3CVuZ%p2', 'medium');
INSERT INTO `User` (userID, registrationDate, email, phoneNum, role, firstName, lastName, username, password, securityLevel) VALUES (18, '2022-05-22 13:13:05', 'dianabranch@gmail.com', '669-623-9665', 'student', 'Katie', 'Taylor', 'mcintyretara', '*7QgmyI+z#', 'high');
INSERT INTO `User` (userID, registrationDate, email, phoneNum, role, firstName, lastName, username, password, securityLevel) VALUES (19, '2021-12-14 12:52:13', 'millerjacob@miller-lopez.net', '8401240104', 'student', 'Sean', 'Hodges', 'rebeccamcknight', '##$2Yb+YoA', 'medium');
INSERT INTO `User` (userID, registrationDate, email, phoneNum, role, firstName, lastName, username, password, securityLevel) VALUES (20, '2023-01-07 11:30:40', 'areyes@fitzgerald-crawford.com', '001-974-390-3849x639', 'student', 'Lisa', 'Patterson', 'lisa73', '2I(3Eebtn0', 'medium');
INSERT INTO `User` (userID, registrationDate, email, phoneNum, role, firstName, lastName, username, password, securityLevel) VALUES (21, '2023-10-11 06:52:22', 'christopherrobinson@kelly.com', '718.045.4582x74136', 'student', 'Michelle', 'Lewis', 'brittanybrooks', 'BZm0E$jE(I', 'low');
INSERT INTO `User` (userID, registrationDate, email, phoneNum, role, firstName, lastName, username, password, securityLevel) VALUES (22, '2021-02-06 05:10:53', 'xrowe@black-jackson.com', '(791)926-5955x021', 'student', 'Benjamin', 'Freeman', 'kyle29', '$xUt5DpAnB', 'low');
INSERT INTO `User` (userID, registrationDate, email, phoneNum, role, firstName, lastName, username, password, securityLevel) VALUES (23, '2021-06-09 04:27:20', 'sabrina42@gmail.com', '(534)226-2188x61059', 'student', 'Denise', 'Young', 'brownkimberly', '(DW7AJGbe7', 'high');
INSERT INTO `User` (userID, registrationDate, email, phoneNum, role, firstName, lastName, username, password, securityLevel) VALUES (24, '2023-08-31 16:05:47', 'ykane@yahoo.com', '+1-125-386-0040x33265', 'student', 'Paul', 'Flores', 'dale17', '3^TG33Fi_Y', 'medium');
INSERT INTO `User` (userID, registrationDate, email, phoneNum, role, firstName, lastName, username, password, securityLevel) VALUES (25, '2024-09-21 07:19:23', 'michelle67@walker.com', '893-784-4641', 'student', 'Richard', 'Brown', 'john99', 'S_Bz%4Iz4a', 'medium');
INSERT INTO `User` (userID, registrationDate, email, phoneNum, role, firstName, lastName, username, password, securityLevel) VALUES (26, '2022-12-12 15:06:41', 'pparsons@hughes.net', '683-515-0276x7351', 'student', 'Michelle', 'Mitchell', 'katherinebrown', '%fa+3^CaOl', 'low');
INSERT INTO `User` (userID, registrationDate, email, phoneNum, role, firstName, lastName, username, password, securityLevel) VALUES (27, '2023-10-16 17:49:58', 'tiffanystein@gay-johnson.org', '822-003-3543x434', 'student', 'Sara', 'Potts', 'watsonchristopher', '8$KKx0Bg1i', 'medium');
INSERT INTO `User` (userID, registrationDate, email, phoneNum, role, firstName, lastName, username, password, securityLevel) VALUES (28, '2020-01-17 16:42:39', 'lponce@hotmail.com', '536.330.0802', 'student', 'Angela', 'Woods', 'itaylor', '&kL6@oSg3a', 'high');
INSERT INTO `User` (userID, registrationDate, email, phoneNum, role, firstName, lastName, username, password, securityLevel) VALUES (29, '2023-08-24 22:31:47', 'kennethmurphy@hotmail.com', '(742)459-2565x5998', 'student', 'Jason', 'Myers', 'obates', '%4gP)%pdS6', 'high');
INSERT INTO `User` (userID, registrationDate, email, phoneNum, role, firstName, lastName, username, password, securityLevel) VALUES (30, '2021-03-11 18:26:04', 'gduran@cowan-mccormick.com', '+1-912-686-4046x80813', 'student', 'Andrew', 'Evans', 'ryanblanchard', '7NjF(#$Q@y', 'high');
INSERT INTO `User` (userID, registrationDate, email, phoneNum, role, firstName, lastName, username, password, securityLevel) VALUES (31, '2021-04-03 07:12:44', 'jeff60@yahoo.com', '391.919.7434x9425', 'student', 'Christina', 'Gonzalez', 'lisamays', '_0fOuu5of1', 'medium');
INSERT INTO `User` (userID, registrationDate, email, phoneNum, role, firstName, lastName, username, password, securityLevel) VALUES (32, '2021-05-23 07:05:17', 'stephaniealvarez@harris-mcbride.biz', '0014442523', 'student', 'Ashlee', 'Willis', 'christy40', '%4JO^iufUJ', 'medium');
INSERT INTO `User` (userID, registrationDate, email, phoneNum, role, firstName, lastName, username, password, securityLevel) VALUES (33, '2024-04-06 16:23:56', 'rholder@reese.com', '366-438-8951', 'student', 'Sabrina', 'Hansen', 'virginianovak', 'b3mbHjc9+2', 'low');
INSERT INTO `User` (userID, registrationDate, email, phoneNum, role, firstName, lastName, username, password, securityLevel) VALUES (34, '2022-04-28 23:12:16', 'valerielong@cox.com', '007.599.4698', 'student', 'Scott', 'Ochoa', 'fjones', '2okSVim+*0', 'low');
INSERT INTO `User` (userID, registrationDate, email, phoneNum, role, firstName, lastName, username, password, securityLevel) VALUES (35, '2022-11-29 19:50:36', 'smithanthony@hotmail.com', '001-393-290-4387x653', 'student', 'Kelsey', 'Williamson', 'eleach', 'wz8(GUgJ$g', 'high');
INSERT INTO `User` (userID, registrationDate, email, phoneNum, role, firstName, lastName, username, password, securityLevel) VALUES (36, '2020-08-29 05:29:55', 'martinezmorgan@chandler.biz', '698.343.6564', 'student', 'Barbara', 'Reese', 'ryanturner', '_UrfSa85K0', 'medium');
INSERT INTO `User` (userID, registrationDate, email, phoneNum, role, firstName, lastName, username, password, securityLevel) VALUES (37, '2022-09-23 12:12:39', 'michellehernandez@reeves.com', '001-674-658-0458x3838', 'student', 'Christopher', 'Johnson', 'wallacechristina', '(Ke_Arkz4%', 'low');
INSERT INTO `User` (userID, registrationDate, email, phoneNum, role, firstName, lastName, username, password, securityLevel) VALUES (38, '2022-07-15 01:03:59', 'mitchellbrian@mcdowell.com', '011.812.2459x320', 'student', 'Gerald', 'Nelson', 'beththomas', 'o@L4wnmc$0', 'low');
INSERT INTO `User` (userID, registrationDate, email, phoneNum, role, firstName, lastName, username, password, securityLevel) VALUES (39, '2023-12-10 23:51:48', 'meyerian@duncan.com', '818-433-0773x07720', 'student', 'Vickie', 'Mcclain', 'morenodavid', '7DA7Ouy#^K', 'medium');
INSERT INTO `User` (userID, registrationDate, email, phoneNum, role, firstName, lastName, username, password, securityLevel) VALUES (40, '2022-03-26 04:28:20', 'nicholsonbrittany@mack.com', '(054)681-0154x44716', 'student', 'Robyn', 'Hanson', 'geoffrey69', 'EE^u7*YbW0', 'high');
INSERT INTO `User` (userID, registrationDate, email, phoneNum, role, firstName, lastName, username, password, securityLevel) VALUES (41, '2022-01-07 23:06:32', 'emilythomas@cook-schmitt.com', '001-950-504-9075x7166', 'admin', 'Charles', 'Fletcher', 'robert13', 'rO(o3jMnsX', 'medium');
INSERT INTO `User` (userID, registrationDate, email, phoneNum, role, firstName, lastName, username, password, securityLevel) VALUES (42, '2020-07-16 07:14:50', 'diana14@wells.com', '208.293.9628', 'admin', 'Rachel', 'Harrison', 'sally97', '#M5Mr#3e+D', 'medium');
INSERT INTO `User` (userID, registrationDate, email, phoneNum, role, firstName, lastName, username, password, securityLevel) VALUES (43, '2021-06-15 00:05:40', 'martinwatkins@hotmail.com', '(380)109-3674', 'admin', 'Aaron', 'Obrien', 'brandy08', 'C5pBm&y5_d', 'medium');
INSERT INTO `User` (userID, registrationDate, email, phoneNum, role, firstName, lastName, username, password, securityLevel) VALUES (44, '2021-05-12 15:42:29', 'williamsgina@cook.com', '(097)491-3027', 'admin', 'Timothy', 'Thompson', 'nicholas71', '8%XVLgyv_2', 'high');
INSERT INTO `User` (userID, registrationDate, email, phoneNum, role, firstName, lastName, username, password, securityLevel) VALUES (45, '2022-02-22 17:25:28', 'mmorton@berry.com', '+1-535-658-1272x471', 'admin', 'Andrew', 'Martinez', 'portiz', 'h4TfhIri!v', 'medium');
INSERT INTO `User` (userID, registrationDate, email, phoneNum, role, firstName, lastName, username, password, securityLevel) VALUES (46, '2022-06-14 07:24:18', 'pferguson@yahoo.com', '001-984-280-0494x758', 'admin', 'Ralph', 'Rangel', 'david47', 'wg*)@7QxCA', 'high');
INSERT INTO `User` (userID, registrationDate, email, phoneNum, role, firstName, lastName, username, password, securityLevel) VALUES (47, '2020-12-04 19:43:06', 'lmitchell@smith.com', '919-991-4973x8223', 'admin', 'Lisa', 'Jackson', 'simmonslisa', 'e3OIfakg&m', 'low');
INSERT INTO `User` (userID, registrationDate, email, phoneNum, role, firstName, lastName, username, password, securityLevel) VALUES (48, '2023-02-16 17:43:26', 'sanchezdaniel@sullivan.com', '(840)715-0451', 'admin', 'Zachary', 'Lopez', 'phurst', '%(6TdQbB+P', 'low');
INSERT INTO `User` (userID, registrationDate, email, phoneNum, role, firstName, lastName, username, password, securityLevel) VALUES (49, '2021-02-18 14:46:42', 'christopher04@hotmail.com', '(910)067-9087', 'admin', 'Richard', 'Park', 'kellerryan', '84NFk76O$_', 'low');
INSERT INTO `User` (userID, registrationDate, email, phoneNum, role, firstName, lastName, username, password, securityLevel) VALUES (50, '2022-06-18 07:49:32', 'sanchezdevin@hotmail.com', '750.129.0409x6547', 'admin', 'Stephanie', 'Booker', 'obrienholly', 'E8Q!tUvc%v', 'high');
INSERT INTO `User` (userID, registrationDate, email, phoneNum, role, firstName, lastName, username, password, securityLevel) VALUES (51, '2022-09-14 05:06:09', 'theodore57@hotmail.com', '+1-919-189-7817x6784', 'admin', 'Sarah', 'Patton', 'mossnicole', 'gau9nOld+k', 'medium');
INSERT INTO `User` (userID, registrationDate, email, phoneNum, role, firstName, lastName, username, password, securityLevel) VALUES (52, '2023-04-30 09:57:58', 'gfritz@le.net', '887-042-6162x22270', 'admin', 'Renee', 'Johnson', 'kristen28', 'Kw5O8p6^(Z', 'low');
INSERT INTO `User` (userID, registrationDate, email, phoneNum, role, firstName, lastName, username, password, securityLevel) VALUES (53, '2020-07-12 15:32:39', 'patrickgeorge@blake.com', '(106)855-0976x6703', 'admin', 'Crystal', 'Long', 'hwood', 'r2q5HIPr&)', 'low');
INSERT INTO `User` (userID, registrationDate, email, phoneNum, role, firstName, lastName, username, password, securityLevel) VALUES (54, '2022-06-16 17:25:13', 'fischerlarry@green-carlson.com', '(045)130-6548', 'admin', 'Gabrielle', 'Gonzalez', 'jenkinsjacob', 's+qnugSi*6', 'high');
INSERT INTO `User` (userID, registrationDate, email, phoneNum, role, firstName, lastName, username, password, securityLevel) VALUES (55, '2023-05-19 03:22:51', 'amandaharrell@hotmail.com', '496.713.8858x244', 'admin', 'Cindy', 'Higgins', 'dwhite', '(7BtC3Orel', 'low');
INSERT INTO `User` (userID, registrationDate, email, phoneNum, role, firstName, lastName, username, password, securityLevel) VALUES (56, '2023-09-04 00:33:14', 'kellywebb@lane.info', '001-378-192-5253x04835', 'admin', 'Tara', 'Silva', 'kathleenwright', 'y6JwZs@w^)', 'medium');
INSERT INTO `User` (userID, registrationDate, email, phoneNum, role, firstName, lastName, username, password, securityLevel) VALUES (57, '2021-01-24 17:01:35', 'oevans@gmail.com', '(739)166-9987x80587', 'admin', 'Brooke', 'Garcia', 'sheltonmatthew', '#GP#f3Ds08', 'medium');
INSERT INTO `User` (userID, registrationDate, email, phoneNum, role, firstName, lastName, username, password, securityLevel) VALUES (58, '2020-03-04 09:26:29', 'alexis77@gmail.com', '(307)953-5591x8803', 'admin', 'Erika', 'Roy', 'smithmegan', '_03Euaoz0@', 'low');
INSERT INTO `User` (userID, registrationDate, email, phoneNum, role, firstName, lastName, username, password, securityLevel) VALUES (59, '2020-08-26 09:41:04', 'ikelly@gmail.com', '(907)311-1302x62452', 'admin', 'Timothy', 'Reeves', 'margaret27', '&w5ytIkajj', 'low');
INSERT INTO `User` (userID, registrationDate, email, phoneNum, role, firstName, lastName, username, password, securityLevel) VALUES (60, '2021-04-18 15:27:06', 'ijohnson@mcneil-summers.info', '6747207248', 'admin', 'Jeremy', 'Nguyen', 'swatkins', '+YC5VPFsgU', 'high');
INSERT INTO `User` (userID, registrationDate, email, phoneNum, role, firstName, lastName, username, password, securityLevel) VALUES (61, '2023-04-01 13:01:43', 'wendyramirez@hotmail.com', '316.592.4692', 'admin', 'Steven', 'Dixon', 'deannabennett', 'Ia6(yF6b!#', 'high');
INSERT INTO `User` (userID, registrationDate, email, phoneNum, role, firstName, lastName, username, password, securityLevel) VALUES (62, '2021-03-29 09:58:27', 'hartdonna@gmail.com', '001-377-309-7117', 'admin', 'James', 'Martin', 'slowe', '__VazQyZ7x', 'medium');
INSERT INTO `User` (userID, registrationDate, email, phoneNum, role, firstName, lastName, username, password, securityLevel) VALUES (63, '2021-09-15 02:45:11', 'bautistajoseph@stevens.com', '001-897-608-9086x5881', 'admin', 'Jason', 'Olsen', 'mark96', '!6#jZG8XGx', 'medium');
INSERT INTO `User` (userID, registrationDate, email, phoneNum, role, firstName, lastName, username, password, securityLevel) VALUES (64, '2022-12-03 00:15:25', 'thomas78@hotmail.com', '001-350-706-9474x619', 'admin', 'Valerie', 'Smith', 'fellis', 'cu8Ru%XL@%', 'high');
INSERT INTO `User` (userID, registrationDate, email, phoneNum, role, firstName, lastName, username, password, securityLevel) VALUES (65, '2022-11-13 01:26:56', 'lpowell@jordan-martinez.com', '537.822.1289', 'admin', 'Marilyn', 'Houston', 'vbruce', 'ox2CDlGn$0', 'low');
INSERT INTO `User` (userID, registrationDate, email, phoneNum, role, firstName, lastName, username, password, securityLevel) VALUES (66, '2020-10-01 01:28:27', 'jane37@gmail.com', '+1-304-842-4711x95902', 'admin', 'Michelle', 'Morris', 'reyesmelanie', '0cG59gNNG^', 'medium');
INSERT INTO `User` (userID, registrationDate, email, phoneNum, role, firstName, lastName, username, password, securityLevel) VALUES (67, '2021-07-02 21:28:52', 'stewartjeffrey@landry.com', '510.831.1469x514', 'admin', 'Jaclyn', 'Schneider', 'ashley75', 'ts0!O6OI9!', 'medium');
INSERT INTO `User` (userID, registrationDate, email, phoneNum, role, firstName, lastName, username, password, securityLevel) VALUES (68, '2022-03-26 03:23:40', 'ljohnson@brown.biz', '+1-850-269-6027x38546', 'admin', 'Ronald', 'Harris', 'umcguire', '%PPk8CDj1U', 'medium');
INSERT INTO `User` (userID, registrationDate, email, phoneNum, role, firstName, lastName, username, password, securityLevel) VALUES (69, '2023-09-04 17:14:32', 'fuenteswilliam@gmail.com', '001-590-662-8532x4027', 'admin', 'Steven', 'Castillo', 'banksjames', ')9ca2HbncH', 'high');
INSERT INTO `User` (userID, registrationDate, email, phoneNum, role, firstName, lastName, username, password, securityLevel) VALUES (70, '2021-06-29 10:14:38', 'warrentammy@hotmail.com', '001-000-025-1106', 'admin', 'Kathy', 'Watson', 'ylewis', '+LS(WCZu7+', 'high');
INSERT INTO `User` (userID, registrationDate, email, phoneNum, role, firstName, lastName, username, password, securityLevel) VALUES (71, '2024-03-28 04:37:55', 'isantiago@yahoo.com', '+1-405-252-3066x18989', 'admin', 'Jennifer', 'Rose', 'xvilla', '@KzC9gutZ9', 'high');
INSERT INTO `User` (userID, registrationDate, email, phoneNum, role, firstName, lastName, username, password, securityLevel) VALUES (72, '2021-07-03 09:07:26', 'browntimothy@murphy-soto.com', '(572)178-6009', 'admin', 'Monica', 'Delgado', 'christopher63', '_4!NjDsvhd', 'medium');
INSERT INTO `User` (userID, registrationDate, email, phoneNum, role, firstName, lastName, username, password, securityLevel) VALUES (73, '2023-03-25 15:21:58', 'robert45@gmail.com', '+1-652-941-4912', 'admin', 'Amy', 'Johnston', 'gouldtimothy', 'D%0qn5SdsP', 'medium');
INSERT INTO `User` (userID, registrationDate, email, phoneNum, role, firstName, lastName, username, password, securityLevel) VALUES (74, '2024-11-17 23:45:14', 'kcasey@thornton.com', '(599)122-2135x6190', 'admin', 'Jason', 'Barnes', 'griffinjesse', 'Y3Npfv5*#*', 'high');
INSERT INTO `User` (userID, registrationDate, email, phoneNum, role, firstName, lastName, username, password, securityLevel) VALUES (75, '2022-05-31 22:18:59', 'griffindavid@yahoo.com', '(746)939-9947x377', 'admin', 'Amanda', 'Bentley', 'joserios', '88Syu1PE)6', 'low');
INSERT INTO `User` (userID, registrationDate, email, phoneNum, role, firstName, lastName, username, password, securityLevel) VALUES (76, '2021-09-22 13:33:13', 'sandrahowell@bernard.com', '658-706-6620', 'admin', 'Steven', 'Mcpherson', 'moorecory', '+^6D+ez3(#', 'medium');
INSERT INTO `User` (userID, registrationDate, email, phoneNum, role, firstName, lastName, username, password, securityLevel) VALUES (77, '2021-09-11 08:12:18', 'zcarrillo@gmail.com', '774.314.4397x88849', 'admin', 'Robert', 'Monroe', 'dholmes', 'B_N8A*_k&B', 'high');
INSERT INTO `User` (userID, registrationDate, email, phoneNum, role, firstName, lastName, username, password, securityLevel) VALUES (78, '2023-10-28 18:53:40', 'robert22@rodriguez-bates.net', '235.246.9217', 'admin', 'Kyle', 'Carter', 'ubrandt', '&iQW2mNq*6', 'medium');
INSERT INTO `User` (userID, registrationDate, email, phoneNum, role, firstName, lastName, username, password, securityLevel) VALUES (79, '2020-02-04 12:41:38', 'wmartinez@hotmail.com', '352.560.1212x78827', 'admin', 'Tyler', 'Olsen', 'johnchavez', 'F9%VItP1@y', 'low');
INSERT INTO `User` (userID, registrationDate, email, phoneNum, role, firstName, lastName, username, password, securityLevel) VALUES (80, '2024-09-21 21:22:55', 'jasonjohnson@hotmail.com', '112.265.8241', 'admin', 'Eric', 'Martinez', 'glenda79', '#T*BW)rti9', 'medium');
INSERT INTO `User` (userID, registrationDate, email, phoneNum, role, firstName, lastName, username, password, securityLevel) VALUES (81, '2021-08-19 02:30:20', 'jamesstephens@webb.com', '001-006-830-3295x40934', 'employer', 'Emily', 'Campos', 'datkinson', '&43BQjeuxC', 'low');
INSERT INTO `User` (userID, registrationDate, email, phoneNum, role, firstName, lastName, username, password, securityLevel) VALUES (82, '2021-10-24 13:37:14', 'matthew58@gmail.com', '184-437-1446x54394', 'employer', 'Bradley', 'Cain', 'bailey33', 'Ix%B2MHv%@', 'low');
INSERT INTO `User` (userID, registrationDate, email, phoneNum, role, firstName, lastName, username, password, securityLevel) VALUES (83, '2024-04-11 19:16:24', 'muellerrichard@lee.biz', '(643)551-2748', 'employer', 'Andrew', 'Andrews', 'jstephens', ')h7LpRjf2z', 'high');
INSERT INTO `User` (userID, registrationDate, email, phoneNum, role, firstName, lastName, username, password, securityLevel) VALUES (84, '2020-11-18 07:36:48', 'kathleen33@daniel.com', '(545)349-9614x02045', 'employer', 'Ashley', 'Hicks', 'michaeldixon', 'o9gw1aAB)p', 'low');
INSERT INTO `User` (userID, registrationDate, email, phoneNum, role, firstName, lastName, username, password, securityLevel) VALUES (85, '2023-07-13 01:20:18', 'ggreen@yahoo.com', '001-342-221-4251', 'employer', 'Beth', 'Cruz', 'brianagalloway', '8YBqWayK#5', 'high');
INSERT INTO `User` (userID, registrationDate, email, phoneNum, role, firstName, lastName, username, password, securityLevel) VALUES (86, '2023-07-26 01:48:20', 'joshuahardy@wilson.biz', '804-782-9873x912', 'employer', 'Steven', 'Bennett', 'erica08', '*gw(G$BbP6', 'high');
INSERT INTO `User` (userID, registrationDate, email, phoneNum, role, firstName, lastName, username, password, securityLevel) VALUES (87, '2023-01-02 11:35:14', 'benjamin84@hotmail.com', '+1-811-607-3058', 'employer', 'Joshua', 'Ford', 'pkelley', 'kb2*Zkstc#', 'high');
INSERT INTO `User` (userID, registrationDate, email, phoneNum, role, firstName, lastName, username, password, securityLevel) VALUES (88, '2020-08-21 23:11:47', 'michael68@yahoo.com', '(415)458-5666', 'employer', 'Maria', 'Pena', 'hcook', 'Up+M3W(tWb', 'low');
INSERT INTO `User` (userID, registrationDate, email, phoneNum, role, firstName, lastName, username, password, securityLevel) VALUES (89, '2021-02-09 18:22:40', 'rhonda01@branch.org', '900-939-3379', 'employer', 'Richard', 'Black', 'woodskeith', '0pKQIi8j&+', 'medium');
INSERT INTO `User` (userID, registrationDate, email, phoneNum, role, firstName, lastName, username, password, securityLevel) VALUES (90, '2024-07-09 14:44:56', 'biancaperry@gmail.com', '130-110-5175', 'employer', 'Christopher', 'Daniel', 'fwagner', 'b#6(EKcE7X', 'medium');
INSERT INTO `User` (userID, registrationDate, email, phoneNum, role, firstName, lastName, username, password, securityLevel) VALUES (91, '2023-03-02 13:24:39', 'ubarnett@hamilton.com', '(424)841-1766x85492', 'employer', 'Jamie', 'Wallace', 'jose47', '@xhc7QpVn1', 'medium');
INSERT INTO `User` (userID, registrationDate, email, phoneNum, role, firstName, lastName, username, password, securityLevel) VALUES (92, '2021-02-09 10:32:05', 'anthony48@gmail.com', '001-822-234-8008', 'employer', 'Tammie', 'Rodriguez', 'robertpatel', '$8jdTz_1KM', 'medium');
INSERT INTO `User` (userID, registrationDate, email, phoneNum, role, firstName, lastName, username, password, securityLevel) VALUES (93, '2020-08-31 16:32:44', 'meyersthomas@wagner-harrison.net', '218-093-3691x9477', 'employer', 'Richard', 'Faulkner', 'shortregina', '9elXNO1f&L', 'high');
INSERT INTO `User` (userID, registrationDate, email, phoneNum, role, firstName, lastName, username, password, securityLevel) VALUES (94, '2021-06-27 12:44:03', 'travisjohnston@vaughn-wolf.org', '593.995.5584', 'employer', 'Michael', 'Brown', 'taylorthomas', 'A4oX7FNK*l', 'high');
INSERT INTO `User` (userID, registrationDate, email, phoneNum, role, firstName, lastName, username, password, securityLevel) VALUES (95, '2024-08-12 03:45:57', 'ashleymitchell@thompson.com', '+1-463-611-7798x2193', 'employer', 'Adrienne', 'Huerta', 'karen36', 'Nk_4@XOrKu', 'high');
INSERT INTO `User` (userID, registrationDate, email, phoneNum, role, firstName, lastName, username, password, securityLevel) VALUES (96, '2020-01-28 22:09:54', 'kristin80@hays.com', '051-535-1274', 'employer', 'Samantha', 'Werner', 'diazvanessa', '#E(oYj1!x7', 'medium');
INSERT INTO `User` (userID, registrationDate, email, phoneNum, role, firstName, lastName, username, password, securityLevel) VALUES (97, '2024-08-31 06:25:37', 'twilliamson@silva.biz', '+1-157-669-1774', 'employer', 'Jacob', 'Baker', 'markrodriguez', ')f9LeG^yzV', 'high');
INSERT INTO `User` (userID, registrationDate, email, phoneNum, role, firstName, lastName, username, password, securityLevel) VALUES (98, '2023-07-03 06:23:48', 'campbellyvette@sanchez.info', '001-987-232-8176', 'employer', 'Victoria', 'Barry', 'gsmith', '@5Rw7A1(*4', 'low');
INSERT INTO `User` (userID, registrationDate, email, phoneNum, role, firstName, lastName, username, password, securityLevel) VALUES (99, '2022-02-02 18:00:08', 'vsimpson@yahoo.com', '9382893826', 'employer', 'Tony', 'Mercado', 'harold65', 'u+*EV8ZyZC', 'high');
INSERT INTO `User` (userID, registrationDate, email, phoneNum, role, firstName, lastName, username, password, securityLevel) VALUES (100, '2021-10-10 21:19:10', 'mary40@sandoval.com', '001-870-570-0606x8369', 'employer', 'Justin', 'Carlson', 'dylan79', 't_9RQoY13h', 'low');
INSERT INTO `User` (userID, registrationDate, email, phoneNum, role, firstName, lastName, username, password, securityLevel) VALUES (101, '2024-02-05 11:20:53', 'pgriffith@gmail.com', '412.741.2343x96932', 'employer', 'Larry', 'Hodges', 'frank55', 'bKP7IsEH^(', 'low');
INSERT INTO `User` (userID, registrationDate, email, phoneNum, role, firstName, lastName, username, password, securityLevel) VALUES (102, '2020-06-04 09:53:35', 'uberg@yahoo.com', '893.604.6593x1225', 'employer', 'Thomas', 'Joseph', 'edwin80', '09i#35HgNF', 'low');
INSERT INTO `User` (userID, registrationDate, email, phoneNum, role, firstName, lastName, username, password, securityLevel) VALUES (103, '2024-09-09 15:19:14', 'martinanna@edwards-jones.com', '001-970-798-9650x87276', 'employer', 'Robert', 'Richards', 'hsantos', 'G6OE9WJr*%', 'low');
INSERT INTO `User` (userID, registrationDate, email, phoneNum, role, firstName, lastName, username, password, securityLevel) VALUES (104, '2023-04-19 04:34:53', 'vnewman@smith.org', '(363)306-3233x0276', 'employer', 'Tina', 'Murphy', 'linda63', '!yz4HM$1$&', 'low');
INSERT INTO `User` (userID, registrationDate, email, phoneNum, role, firstName, lastName, username, password, securityLevel) VALUES (105, '2020-12-03 18:05:33', 'nicholassmith@parker.com', '(913)549-0284x104', 'employer', 'Brandon', 'Flores', 'victoria65', '(T5dHqlZ_j', 'high');
INSERT INTO `User` (userID, registrationDate, email, phoneNum, role, firstName, lastName, username, password, securityLevel) VALUES (106, '2024-10-07 11:11:34', 'dhuff@mack-sanchez.com', '(400)160-7478', 'employer', 'Tina', 'Brown', 'sshaw', 'rTFI7#Tlc*', 'medium');
INSERT INTO `User` (userID, registrationDate, email, phoneNum, role, firstName, lastName, username, password, securityLevel) VALUES (107, '2024-04-24 05:50:47', 'taylorthomas@hotmail.com', '(259)607-0008', 'employer', 'Patricia', 'Willis', 'hopkinsnicole', '+3(WZrqh&t', 'low');
INSERT INTO `User` (userID, registrationDate, email, phoneNum, role, firstName, lastName, username, password, securityLevel) VALUES (108, '2024-06-20 08:00:08', 'brownstacie@yahoo.com', '589.102.8418x572', 'employer', 'Debra', 'Mason', 'amber66', '+TsFSaokG3', 'medium');
INSERT INTO `User` (userID, registrationDate, email, phoneNum, role, firstName, lastName, username, password, securityLevel) VALUES (109, '2022-09-09 07:31:08', 'cookelinda@weeks.com', '(021)468-5031x38160', 'employer', 'Lindsey', 'Diaz', 'mferrell', '8nB39ZRc_G', 'low');
INSERT INTO `User` (userID, registrationDate, email, phoneNum, role, firstName, lastName, username, password, securityLevel) VALUES (110, '2020-10-17 11:25:53', 'monica37@yahoo.com', '019.192.1144', 'employer', 'Austin', 'Moore', 'hallbenjamin', ')cD)GJrVf8', 'medium');
INSERT INTO `User` (userID, registrationDate, email, phoneNum, role, firstName, lastName, username, password, securityLevel) VALUES (111, '2024-04-05 12:05:08', 'fjensen@hotmail.com', '931-160-0889', 'employer', 'Kelly', 'Lewis', 'joneskyle', 'l&LPkx_1(4', 'low');
INSERT INTO `User` (userID, registrationDate, email, phoneNum, role, firstName, lastName, username, password, securityLevel) VALUES (112, '2024-04-21 01:06:10', 'daisywilliams@gmail.com', '8325628934', 'employer', 'Shane', 'Green', 'qmoore', 'cX4d)9PsQH', 'medium');
INSERT INTO `User` (userID, registrationDate, email, phoneNum, role, firstName, lastName, username, password, securityLevel) VALUES (113, '2020-11-10 22:05:29', 'shorton@perez-little.org', '977.358.4711x0306', 'employer', 'Alex', 'Ballard', 'josephhawkins', 'n8Bo5LMz_X', 'high');
INSERT INTO `User` (userID, registrationDate, email, phoneNum, role, firstName, lastName, username, password, securityLevel) VALUES (114, '2020-12-08 02:05:58', 'timothy88@wallace.biz', '(104)580-3050x26257', 'employer', 'Samantha', 'Hahn', 'valeriejackson', '(#M5*FhqFL', 'low');
INSERT INTO `User` (userID, registrationDate, email, phoneNum, role, firstName, lastName, username, password, securityLevel) VALUES (115, '2020-05-04 16:00:59', 'smithjanet@yahoo.com', '133-133-2738x7707', 'employer', 'Pamela', 'Owens', 'modonnell', '+SFbW8$t4s', 'low');
INSERT INTO `User` (userID, registrationDate, email, phoneNum, role, firstName, lastName, username, password, securityLevel) VALUES (116, '2021-06-05 06:22:10', 'pattersonchristy@torres.com', '(574)615-1430x5008', 'employer', 'Erin', 'Farrell', 'gmaxwell', '%_7@&P#pwp', 'medium');
INSERT INTO `User` (userID, registrationDate, email, phoneNum, role, firstName, lastName, username, password, securityLevel) VALUES (117, '2020-04-29 08:32:09', 'clintonsmith@garcia-brown.info', '(792)210-0195x7332', 'employer', 'Allison', 'Gonzalez', 'molly15', '$HKkG^aH*7', 'medium');
INSERT INTO `User` (userID, registrationDate, email, phoneNum, role, firstName, lastName, username, password, securityLevel) VALUES (118, '2023-05-08 16:56:58', 'gvillegas@gmail.com', '(922)648-5204', 'employer', 'Cathy', 'Valencia', 'brookeblake', 'cK58S*Hn&O', 'medium');
INSERT INTO `User` (userID, registrationDate, email, phoneNum, role, firstName, lastName, username, password, securityLevel) VALUES (119, '2024-06-24 05:03:35', 'kyle88@yahoo.com', '643.499.6153x00363', 'employer', 'Andrew', 'Thompson', 'jbradley', 'yl75+Wts#^', 'high');
INSERT INTO `User` (userID, registrationDate, email, phoneNum, role, firstName, lastName, username, password, securityLevel) VALUES (120, '2020-03-03 07:54:47', 'boydjason@hotmail.com', '001-620-601-1727', 'employer', 'Brandon', 'Jimenez', 'jessica19', '!EhEj_oh0d', 'low');
INSERT INTO `User` (userID, registrationDate, email, phoneNum, role, firstName, lastName, username, password, securityLevel) VALUES (121, '2020-06-01 10:16:39', 'howardangela@snow-thomas.com', '0123126654', 'analyst', 'Jennifer', 'Miller', 'dickersonshelley', '+9XudfxD_L', 'high');
INSERT INTO `User` (userID, registrationDate, email, phoneNum, role, firstName, lastName, username, password, securityLevel) VALUES (122, '2023-03-06 07:40:35', 'zowens@gmail.com', '490.670.5362x16097', 'analyst', 'Crystal', 'Williams', 'tmoreno', '1UwSvWCN)9', 'medium');
INSERT INTO `User` (userID, registrationDate, email, phoneNum, role, firstName, lastName, username, password, securityLevel) VALUES (123, '2022-11-10 11:17:49', 'jacob22@yahoo.com', '695-998-0193', 'analyst', 'Sheila', 'Anderson', 'hlowe', 'j_^EO%Nx30', 'medium');
INSERT INTO `User` (userID, registrationDate, email, phoneNum, role, firstName, lastName, username, password, securityLevel) VALUES (124, '2020-07-20 10:06:31', 'wilsonjoseph@gmail.com', '3250320126', 'analyst', 'Brian', 'Moore', 'brownsarah', '!1waV%D$u3', 'high');
INSERT INTO `User` (userID, registrationDate, email, phoneNum, role, firstName, lastName, username, password, securityLevel) VALUES (125, '2021-10-30 07:42:10', 'reevescraig@martinez-smith.net', '(047)836-2448x9735', 'analyst', 'Jamie', 'Richardson', 'juliahunt', '%z$5ajFyKQ', 'high');
INSERT INTO `User` (userID, registrationDate, email, phoneNum, role, firstName, lastName, username, password, securityLevel) VALUES (126, '2024-06-16 17:04:47', 'rachelsmith@yahoo.com', '9115597199', 'analyst', 'Laura', 'Meza', 'melanie78', 'P7PC675r!1', 'low');
INSERT INTO `User` (userID, registrationDate, email, phoneNum, role, firstName, lastName, username, password, securityLevel) VALUES (127, '2020-05-02 02:41:34', 'julia74@reid.net', '287-370-2450', 'analyst', 'Michael', 'Cook', 'michelle32', '3Ae9ENgq9@', 'medium');
INSERT INTO `User` (userID, registrationDate, email, phoneNum, role, firstName, lastName, username, password, securityLevel) VALUES (128, '2020-08-15 21:50:55', 'lance28@gmail.com', '+1-386-419-1914', 'analyst', 'Stephanie', 'Bennett', 'stephanie31', '%gK*9YKwbW', 'low');
INSERT INTO `User` (userID, registrationDate, email, phoneNum, role, firstName, lastName, username, password, securityLevel) VALUES (129, '2023-03-02 07:09:02', 'ambermiller@cross.info', '(059)851-3925', 'analyst', 'Lance', 'Martin', 'buchananchad', 'jPKQ3xBi%+', 'high');
INSERT INTO `User` (userID, registrationDate, email, phoneNum, role, firstName, lastName, username, password, securityLevel) VALUES (130, '2024-07-04 06:48:35', 'samuelcarlson@keith-mcdonald.biz', '+1-781-821-7283', 'analyst', 'Jonathon', 'Armstrong', 'hparker', 'X*h7uCpjXV', 'low');
INSERT INTO `User` (userID, registrationDate, email, phoneNum, role, firstName, lastName, username, password, securityLevel) VALUES (131, '2020-07-28 20:30:10', 'kennedylaura@gmail.com', '222.050.9883x952', 'analyst', 'George', 'Perez', 'hamiltonjohn', 'u^13x8Avlz', 'low');
INSERT INTO `User` (userID, registrationDate, email, phoneNum, role, firstName, lastName, username, password, securityLevel) VALUES (132, '2020-04-04 15:16:10', 'mirandachristensen@yahoo.com', '045.982.7513x34755', 'analyst', 'Christopher', 'Flores', 'xjones', 'Cw*z8MfM7V', 'medium');
INSERT INTO `User` (userID, registrationDate, email, phoneNum, role, firstName, lastName, username, password, securityLevel) VALUES (133, '2022-09-10 12:40:49', 'npham@hobbs-holland.com', '+1-687-681-6476', 'analyst', 'Jonathan', 'Morgan', 'daviscrystal', 'rN@0As!f*w', 'high');
INSERT INTO `User` (userID, registrationDate, email, phoneNum, role, firstName, lastName, username, password, securityLevel) VALUES (134, '2021-09-04 13:18:44', 'brianrobertson@hotmail.com', '001-434-168-8912x3052', 'analyst', 'Mikayla', 'Berger', 'hicksmonique', 'e8@QxLBT_d', 'low');
INSERT INTO `User` (userID, registrationDate, email, phoneNum, role, firstName, lastName, username, password, securityLevel) VALUES (135, '2024-07-03 19:52:40', 'monique44@gmail.com', '(339)036-8910', 'analyst', 'Kylie', 'Carpenter', 'heather17', 'ac(gXqku)7', 'high');
INSERT INTO `User` (userID, registrationDate, email, phoneNum, role, firstName, lastName, username, password, securityLevel) VALUES (136, '2022-12-01 22:45:55', 'isaacjohnson@hamilton-williams.com', '(707)776-1804', 'analyst', 'Adam', 'Brown', 'valentinegerald', '(mk2L$odN%', 'medium');
INSERT INTO `User` (userID, registrationDate, email, phoneNum, role, firstName, lastName, username, password, securityLevel) VALUES (137, '2021-07-15 14:45:22', 'josephoneill@hotmail.com', '+1-766-687-0319x50607', 'analyst', 'Richard', 'Perez', 'hwalker', 'rw^#9CRc(Q', 'medium');
INSERT INTO `User` (userID, registrationDate, email, phoneNum, role, firstName, lastName, username, password, securityLevel) VALUES (138, '2020-11-06 14:35:48', 'rhonda33@nelson.info', '+1-482-554-5414x607', 'analyst', 'Jenna', 'Ross', 'laura92', '+S4Hm_AdBi', 'low');
INSERT INTO `User` (userID, registrationDate, email, phoneNum, role, firstName, lastName, username, password, securityLevel) VALUES (139, '2021-05-23 07:54:48', 'katelyndaugherty@yahoo.com', '(904)783-3898', 'analyst', 'Daryl', 'Parker', 'davidrivera', '(*tqJ1!oL9', 'low');
INSERT INTO `User` (userID, registrationDate, email, phoneNum, role, firstName, lastName, username, password, securityLevel) VALUES (140, '2024-09-13 13:21:28', 'nstewart@crosby-dickerson.com', '(619)621-2962', 'analyst', 'Gloria', 'Fletcher', 'wsherman', 'Mdc5DC8qG(', 'high');

-- Sample Data for Admin Table
INSERT INTO `Admin` (adminID, userID) VALUES (1, 41);
INSERT INTO `Admin` (adminID, userID) VALUES (2, 42);
INSERT INTO `Admin` (adminID, userID) VALUES (3, 43);
INSERT INTO `Admin` (adminID, userID) VALUES (4, 44);
INSERT INTO `Admin` (adminID, userID) VALUES (5, 45);
INSERT INTO `Admin` (adminID, userID) VALUES (6, 46);
INSERT INTO `Admin` (adminID, userID) VALUES (7, 47);
INSERT INTO `Admin` (adminID, userID) VALUES (8, 48);
INSERT INTO `Admin` (adminID, userID) VALUES (9, 49);
INSERT INTO `Admin` (adminID, userID) VALUES (10, 50);
INSERT INTO `Admin` (adminID, userID) VALUES (11, 51);
INSERT INTO `Admin` (adminID, userID) VALUES (12, 52);
INSERT INTO `Admin` (adminID, userID) VALUES (13, 53);
INSERT INTO `Admin` (adminID, userID) VALUES (14, 54);
INSERT INTO `Admin` (adminID, userID) VALUES (15, 55);
INSERT INTO `Admin` (adminID, userID) VALUES (16, 56);
INSERT INTO `Admin` (adminID, userID) VALUES (17, 57);
INSERT INTO `Admin` (adminID, userID) VALUES (18, 58);
INSERT INTO `Admin` (adminID, userID) VALUES (19, 59);
INSERT INTO `Admin` (adminID, userID) VALUES (20, 60);
INSERT INTO `Admin` (adminID, userID) VALUES (21, 61);
INSERT INTO `Admin` (adminID, userID) VALUES (22, 62);
INSERT INTO `Admin` (adminID, userID) VALUES (23, 63);
INSERT INTO `Admin` (adminID, userID) VALUES (24, 64);
INSERT INTO `Admin` (adminID, userID) VALUES (25, 65);
INSERT INTO `Admin` (adminID, userID) VALUES (26, 66);
INSERT INTO `Admin` (adminID, userID) VALUES (27, 67);
INSERT INTO `Admin` (adminID, userID) VALUES (28, 68);
INSERT INTO `Admin` (adminID, userID) VALUES (29, 69);
INSERT INTO `Admin` (adminID, userID) VALUES (30, 70);
INSERT INTO `Admin` (adminID, userID) VALUES (31, 71);
INSERT INTO `Admin` (adminID, userID) VALUES (32, 72);
INSERT INTO `Admin` (adminID, userID) VALUES (33, 73);
INSERT INTO `Admin` (adminID, userID) VALUES (34, 74);
INSERT INTO `Admin` (adminID, userID) VALUES (35, 75);
INSERT INTO `Admin` (adminID, userID) VALUES (36, 76);
INSERT INTO `Admin` (adminID, userID) VALUES (37, 77);
INSERT INTO `Admin` (adminID, userID) VALUES (38, 78);
INSERT INTO `Admin` (adminID, userID) VALUES (39, 79);
INSERT INTO `Admin` (adminID, userID) VALUES (40, 80);

-- Sample Data for Student Table
INSERT INTO `Student` (studentID, userID, major, admitYear, tags, updatedAt) VALUES (1, 1, 'Engineering', 2017, 'Former my up hit.', '2024-08-14 01:32:55');
INSERT INTO `Student` (studentID, userID, major, admitYear, tags, updatedAt) VALUES (2, 2, 'Engineering', 2021, 'Bring western buy themselves address memory.', '2024-05-07 06:23:19');
INSERT INTO `Student` (studentID, userID, major, admitYear, tags, updatedAt) VALUES (3, 3, 'Engineering', 2016, 'Any outside reality suffer somebody.', '2024-06-26 17:24:54');
INSERT INTO `Student` (studentID, userID, major, admitYear, tags, updatedAt) VALUES (4, 4, 'Computer Science', 2017, 'Subject serious movement operation join health.', '2024-11-21 06:36:37');
INSERT INTO `Student` (studentID, userID, major, admitYear, tags, updatedAt) VALUES (5, 5, 'Business', 2023, 'Wait here consumer.', '2024-11-14 02:19:37');
INSERT INTO `Student` (studentID, userID, major, admitYear, tags, updatedAt) VALUES (6, 6, 'Computer Science', 2022, 'Learn chance three rock exist line.', '2024-06-22 09:50:55');
INSERT INTO `Student` (studentID, userID, major, admitYear, tags, updatedAt) VALUES (7, 7, 'Engineering', 2022, 'Contain score find increase change mention.', '2024-05-13 06:58:46');
INSERT INTO `Student` (studentID, userID, major, admitYear, tags, updatedAt) VALUES (8, 8, 'Engineering', 2019, 'Tax ball thousand.', '2024-04-03 14:11:54');
INSERT INTO `Student` (studentID, userID, major, admitYear, tags, updatedAt) VALUES (9, 9, 'Computer Science', 2024, 'Article either travel sort.', '2024-06-04 03:30:41');
INSERT INTO `Student` (studentID, userID, major, admitYear, tags, updatedAt) VALUES (10, 10, 'Business', 2024, 'Employee mouth keep understand enter true.', '2024-09-11 16:48:19');
INSERT INTO `Student` (studentID, userID, major, admitYear, tags, updatedAt) VALUES (11, 11, 'Engineering', 2015, 'At buy above.', '2024-01-06 00:43:13');
INSERT INTO `Student` (studentID, userID, major, admitYear, tags, updatedAt) VALUES (12, 12, 'Arts', 2024, 'Sort indeed give.', '2024-11-18 07:43:13');
INSERT INTO `Student` (studentID, userID, major, admitYear, tags, updatedAt) VALUES (13, 13, 'Engineering', 2017, 'Truth lose step sure.', '2024-10-16 04:34:42');
INSERT INTO `Student` (studentID, userID, major, admitYear, tags, updatedAt) VALUES (14, 14, 'Business', 2018, 'These continue scene environment.', '2024-02-11 19:37:01');
INSERT INTO `Student` (studentID, userID, major, admitYear, tags, updatedAt) VALUES (15, 15, 'Arts', 2024, 'Chair able pass forward character.', '2024-08-24 20:37:58');
INSERT INTO `Student` (studentID, userID, major, admitYear, tags, updatedAt) VALUES (16, 16, 'Business', 2024, 'Want lawyer remember whom.', '2024-09-22 11:59:14');
INSERT INTO `Student` (studentID, userID, major, admitYear, tags, updatedAt) VALUES (17, 17, 'Computer Science', 2019, 'Ball perhaps accept everybody tell.', '2024-03-07 03:53:39');
INSERT INTO `Student` (studentID, userID, major, admitYear, tags, updatedAt) VALUES (18, 18, 'Business', 2019, 'Mr clearly forget treat.', '2024-05-13 01:40:39');
INSERT INTO `Student` (studentID, userID, major, admitYear, tags, updatedAt) VALUES (19, 19, 'Engineering', 2015, 'Reveal face increase.', '2024-01-12 16:02:33');
INSERT INTO `Student` (studentID, userID, major, admitYear, tags, updatedAt) VALUES (20, 20, 'Computer Science', 2016, 'Growth film necessary professional ask.', '2024-02-17 20:46:50');
INSERT INTO `Student` (studentID, userID, major, admitYear, tags, updatedAt) VALUES (21, 21, 'Computer Science', 2015, 'Black maintain red decide campaign.', '2024-02-06 18:25:34');
INSERT INTO `Student` (studentID, userID, major, admitYear, tags, updatedAt) VALUES (22, 22, 'Business', 2022, 'Establish but professional side natural.', '2024-09-29 20:25:29');
INSERT INTO `Student` (studentID, userID, major, admitYear, tags, updatedAt) VALUES (23, 23, 'Computer Science', 2017, 'Job between total the.', '2024-03-02 07:08:41');
INSERT INTO `Student` (studentID, userID, major, admitYear, tags, updatedAt) VALUES (24, 24, 'Business', 2017, 'Bar type fine room own bag.', '2024-11-10 15:09:51');
INSERT INTO `Student` (studentID, userID, major, admitYear, tags, updatedAt) VALUES (25, 25, 'Arts', 2018, 'Consider sure impact decide.', '2024-11-09 11:51:23');
INSERT INTO `Student` (studentID, userID, major, admitYear, tags, updatedAt) VALUES (26, 26, 'Engineering', 2016, 'Central on with.', '2024-02-15 14:00:25');
INSERT INTO `Student` (studentID, userID, major, admitYear, tags, updatedAt) VALUES (27, 27, 'Arts', 2015, 'Sea total strategy somebody source.', '2024-08-21 05:38:36');
INSERT INTO `Student` (studentID, userID, major, admitYear, tags, updatedAt) VALUES (28, 28, 'Arts', 2017, 'Try purpose list rate accept.', '2024-04-10 05:34:04');
INSERT INTO `Student` (studentID, userID, major, admitYear, tags, updatedAt) VALUES (29, 29, 'Arts', 2018, 'Learn south maybe chance.', '2024-06-06 08:34:25');
INSERT INTO `Student` (studentID, userID, major, admitYear, tags, updatedAt) VALUES (30, 30, 'Arts', 2024, 'Produce and respond full.', '2024-04-28 06:05:24');
INSERT INTO `Student` (studentID, userID, major, admitYear, tags, updatedAt) VALUES (31, 31, 'Business', 2023, 'Region beat support local reality.', '2024-11-20 15:40:09');
INSERT INTO `Student` (studentID, userID, major, admitYear, tags, updatedAt) VALUES (32, 32, 'Engineering', 2022, 'Cold cover friend our treat.', '2024-04-01 05:58:28');
INSERT INTO `Student` (studentID, userID, major, admitYear, tags, updatedAt) VALUES (33, 33, 'Business', 2015, 'Care challenge law.', '2024-09-08 11:44:10');
INSERT INTO `Student` (studentID, userID, major, admitYear, tags, updatedAt) VALUES (34, 34, 'Arts', 2015, 'Environment represent begin.', '2024-05-06 22:46:43');
INSERT INTO `Student` (studentID, userID, major, admitYear, tags, updatedAt) VALUES (35, 35, 'Computer Science', 2022, 'Understand star great.', '2024-03-29 14:41:38');
INSERT INTO `Student` (studentID, userID, major, admitYear, tags, updatedAt) VALUES (36, 36, 'Business', 2015, 'Follow scientist what.', '2024-06-20 12:08:31');
INSERT INTO `Student` (studentID, userID, major, admitYear, tags, updatedAt) VALUES (37, 37, 'Engineering', 2016, 'During federal safe list.', '2024-07-09 17:43:18');
INSERT INTO `Student` (studentID, userID, major, admitYear, tags, updatedAt) VALUES (38, 38, 'Engineering', 2016, 'Fact hand describe person service.', '2024-09-07 08:27:26');
INSERT INTO `Student` (studentID, userID, major, admitYear, tags, updatedAt) VALUES (39, 39, 'Business', 2019, 'Firm continue yard minute.', '2024-11-15 01:08:55');
INSERT INTO `Student` (studentID, userID, major, admitYear, tags, updatedAt) VALUES (40, 40, 'Engineering', 2023, 'Term film prove.', '2024-10-24 20:27:16');

-- Sample Data for Skill Table
INSERT INTO `Skill` (skillID, name, description, studentID) VALUES (1, 'scene Skill', 'Property treat watch recognize air figure.', 11);
INSERT INTO `Skill` (skillID, name, description, studentID) VALUES (2, 'Congress Skill', 'Even soon hot old away get.', 39);
INSERT INTO `Skill` (skillID, name, description, studentID) VALUES (3, 'ahead Skill', 'Above no radio ten herself wait herself.', 12);
INSERT INTO `Skill` (skillID, name, description, studentID) VALUES (4, 'shoulder Skill', 'Executive PM and respond lot out response happen wonder middle.', 2);
INSERT INTO `Skill` (skillID, name, description, studentID) VALUES (5, 'particular Skill', 'Reason forward knowledge light activity can church product paper final important campaign.', 26);
INSERT INTO `Skill` (skillID, name, description, studentID) VALUES (6, 'represent Skill', 'Father piece true customer your line.', 21);
INSERT INTO `Skill` (skillID, name, description, studentID) VALUES (7, 'blood Skill', 'Son same response vote foreign church.', 9);
INSERT INTO `Skill` (skillID, name, description, studentID) VALUES (8, 'audience Skill', 'Stay trouble so meeting several end live walk.', 33);
INSERT INTO `Skill` (skillID, name, description, studentID) VALUES (9, 'red Skill', 'Smile who race smile race western house tonight loss dark.', 26);
INSERT INTO `Skill` (skillID, name, description, studentID) VALUES (10, 'throughout Skill', 'Nature challenge also clearly source everything fact.', 19);
INSERT INTO `Skill` (skillID, name, description, studentID) VALUES (11, 'card Skill', 'Continue stuff statement probably memory push help sell ground positive side most weight.', 16);
INSERT INTO `Skill` (skillID, name, description, studentID) VALUES (12, 'game Skill', 'Admit test away born sit policy animal candidate road hospital star.', 30);
INSERT INTO `Skill` (skillID, name, description, studentID) VALUES (13, 'sometimes Skill', 'May follow knowledge factor check poor born former professor.', 13);
INSERT INTO `Skill` (skillID, name, description, studentID) VALUES (14, 'spend Skill', 'Yard tree their end father practice.', 40);
INSERT INTO `Skill` (skillID, name, description, studentID) VALUES (15, 'drop Skill', 'Thousand product between per myself positive author teach above.', 2);
INSERT INTO `Skill` (skillID, name, description, studentID) VALUES (16, 'fund Skill', 'Fast you rate professor experience fact worker for expert.', 21);
INSERT INTO `Skill` (skillID, name, description, studentID) VALUES (17, 'thus Skill', 'Policy sometimes imagine light student third management interview under.', 8);
INSERT INTO `Skill` (skillID, name, description, studentID) VALUES (18, 'drop Skill', 'Collection beat responsibility political bill west nor drug remain eye.', 3);
INSERT INTO `Skill` (skillID, name, description, studentID) VALUES (19, 'world Skill', 'Blue federal but pass stock foreign which top.', 27);
INSERT INTO `Skill` (skillID, name, description, studentID) VALUES (20, 'agree Skill', 'Ready also pay continue position name defense old director foreign.', 37);
INSERT INTO `Skill` (skillID, name, description, studentID) VALUES (21, 'party Skill', 'Left man leg choice power bad network present simply season realize.', 32);
INSERT INTO `Skill` (skillID, name, description, studentID) VALUES (22, 'high Skill', 'Time speak television brother similar receive lay year thus edge street wonder safe.', 16);
INSERT INTO `Skill` (skillID, name, description, studentID) VALUES (23, 'impact Skill', 'Thousand tell great performance spring others member line step high performance view.', 9);
INSERT INTO `Skill` (skillID, name, description, studentID) VALUES (24, 'relate Skill', 'Institution either better usually cold voice garden property require culture particular record.', 28);
INSERT INTO `Skill` (skillID, name, description, studentID) VALUES (25, 'describe Skill', 'Successful song lawyer assume dream letter themselves any professional young animal.', 22);
INSERT INTO `Skill` (skillID, name, description, studentID) VALUES (26, 'others Skill', 'West popular stock exist recent middle like situation beat pressure question.', 35);
INSERT INTO `Skill` (skillID, name, description, studentID) VALUES (27, 'fish Skill', 'Play couple current they ready later.', 34);
INSERT INTO `Skill` (skillID, name, description, studentID) VALUES (28, 'gun Skill', 'Camera source tonight though too quickly law over follow.', 36);
INSERT INTO `Skill` (skillID, name, description, studentID) VALUES (29, 'war Skill', 'Off community professional ground thousand suddenly stand message certain particular money first dog.', 10);
INSERT INTO `Skill` (skillID, name, description, studentID) VALUES (30, 'song Skill', 'Expect recent green far discuss program.', 1);
INSERT INTO `Skill` (skillID, name, description, studentID) VALUES (31, 'adult Skill', 'Protect pass drop meet success chair.', 11);
INSERT INTO `Skill` (skillID, name, description, studentID) VALUES (32, 'letter Skill', 'You light study performance pretty sound technology.', 14);
INSERT INTO `Skill` (skillID, name, description, studentID) VALUES (33, 'especially Skill', 'Million but relationship join choose vote heart perform final culture poor.', 40);
INSERT INTO `Skill` (skillID, name, description, studentID) VALUES (34, 'president Skill', 'Head continue finish course whose class education low visit at room structure.', 5);
INSERT INTO `Skill` (skillID, name, description, studentID) VALUES (35, 'population Skill', 'Fund teacher fill reveal run light idea possible charge teach rather turn.', 4);
INSERT INTO `Skill` (skillID, name, description, studentID) VALUES (36, 'exactly Skill', 'We necessary life central explain whatever.', 37);
INSERT INTO `Skill` (skillID, name, description, studentID) VALUES (37, 'lose Skill', 'High meet method she establish cost trouble black.', 36);
INSERT INTO `Skill` (skillID, name, description, studentID) VALUES (38, 'sense Skill', 'Foot eat stock improve arrive too brother air knowledge material stop especially.', 24);
INSERT INTO `Skill` (skillID, name, description, studentID) VALUES (39, 'bag Skill', 'Purpose trade high series south dog trial only want notice.', 5);
INSERT INTO `Skill` (skillID, name, description, studentID) VALUES (40, 'show Skill', 'Become film probably later too senior forward understand.', 10);

-- Sample Data for Company Table
INSERT INTO `Company` (companyID, name, industry, location) VALUES (1, 'Rios-Douglas', 'Finance', '47496 Lauren Place
Janiceburgh, LA 63561');
INSERT INTO `Company` (companyID, name, industry, location) VALUES (2, 'Martin-Brooks', 'Education', '346 Moreno Trace Suite 242
Milesbury, KY 32233');
INSERT INTO `Company` (companyID, name, industry, location) VALUES (3, 'Williams, Brown and Lewis', 'Technology', '63922 Michael Camp
Mariahburgh, NH 98521');
INSERT INTO `Company` (companyID, name, industry, location) VALUES (4, 'Butler Inc', 'Technology', 'Unit 3494 Box 2376
DPO AP 04712');
INSERT INTO `Company` (companyID, name, industry, location) VALUES (5, 'Jackson-Smith', 'Technology', '340 Jimmy Loop Apt. 229
East Luis, FL 05136');
INSERT INTO `Company` (companyID, name, industry, location) VALUES (6, 'Summers, Carlson and Ramirez', 'Education', '48081 Thomas Parks Apt. 682
Alanmouth, SC 98143');
INSERT INTO `Company` (companyID, name, industry, location) VALUES (7, 'Escobar Group', 'Education', 'Unit 4509 Box 9159
DPO AP 74523');
INSERT INTO `Company` (companyID, name, industry, location) VALUES (8, 'Garcia, Flores and Zuniga', 'Education', '70632 Bautista Oval
West Kellyhaven, NC 96362');
INSERT INTO `Company` (companyID, name, industry, location) VALUES (9, 'Campos LLC', 'Education', '039 Mckinney Parks
West Louis, MS 97961');
INSERT INTO `Company` (companyID, name, industry, location) VALUES (10, 'Johnson-Garcia', 'Healthcare', '6252 Mariah Key Apt. 510
South Jamesshire, WY 28440');
INSERT INTO `Company` (companyID, name, industry, location) VALUES (11, 'Good, Jones and Grant', 'Education', '66674 Long Shoals
West Michael, ID 98581');
INSERT INTO `Company` (companyID, name, industry, location) VALUES (12, 'Smith Inc', 'Finance', '249 Rachel Green
New Debra, IL 42584');
INSERT INTO `Company` (companyID, name, industry, location) VALUES (13, 'Stewart Group', 'Finance', '29197 Gray Neck
Garrettton, MN 40706');
INSERT INTO `Company` (companyID, name, industry, location) VALUES (14, 'Webb, Brown and Schultz', 'Education', '635 Tamara Branch
New Angelaland, MO 81786');
INSERT INTO `Company` (companyID, name, industry, location) VALUES (15, 'Chang, Smith and Johnson', 'Education', '08970 Suarez Lake Suite 175
New Teresaburgh, WV 29788');
INSERT INTO `Company` (companyID, name, industry, location) VALUES (16, 'Brock, Jacobs and Adams', 'Education', '459 Kenneth Hollow
Lake Carlos, NY 57688');
INSERT INTO `Company` (companyID, name, industry, location) VALUES (17, 'Jimenez-Garner', 'Healthcare', '372 Ferguson Tunnel
Hollowaychester, NC 62369');
INSERT INTO `Company` (companyID, name, industry, location) VALUES (18, 'Thompson-Kelly', 'Education', '75978 Joseph Bridge Apt. 753
Vaughnview, KS 78317');
INSERT INTO `Company` (companyID, name, industry, location) VALUES (19, 'Williams-Newman', 'Technology', '2737 Jennifer Oval Suite 853
New Robert, NJ 08702');
INSERT INTO `Company` (companyID, name, industry, location) VALUES (20, 'Moore, Shaw and Mahoney', 'Finance', '940 Brenda Divide
West Tami, KS 12675');
INSERT INTO `Company` (companyID, name, industry, location) VALUES (21, 'Yoder, Smith and Howe', 'Finance', 'Unit 7116 Box 4935
DPO AE 07308');
INSERT INTO `Company` (companyID, name, industry, location) VALUES (22, 'Ball LLC', 'Finance', '3431 Valdez Rue
Lindsayport, WV 30216');
INSERT INTO `Company` (companyID, name, industry, location) VALUES (23, 'Cooper, Walker and Booth', 'Education', '61291 Shannon Passage
Port Daniel, NY 21572');
INSERT INTO `Company` (companyID, name, industry, location) VALUES (24, 'Fisher LLC', 'Finance', '4360 Pamela Extension Suite 527
West Kimberlyburgh, NY 73609');
INSERT INTO `Company` (companyID, name, industry, location) VALUES (25, 'Lewis Group', 'Finance', '3301 Smith Mills Suite 632
Lake Michelleville, HI 95057');
INSERT INTO `Company` (companyID, name, industry, location) VALUES (26, 'Hartman Group', 'Education', '7884 Eric Square
Lowetown, WV 52914');
INSERT INTO `Company` (companyID, name, industry, location) VALUES (27, 'Barrera-Robinson', 'Finance', '238 Murray Greens
South Thomas, FL 35609');
INSERT INTO `Company` (companyID, name, industry, location) VALUES (28, 'Robinson PLC', 'Healthcare', '86272 Miller Islands Suite 332
Flemingview, CT 55011');
INSERT INTO `Company` (companyID, name, industry, location) VALUES (29, 'Peterson-Santiago', 'Education', '8278 Jones Lodge Suite 863
Paulafurt, FL 90041');
INSERT INTO `Company` (companyID, name, industry, location) VALUES (30, 'Gilbert, Gibbs and Smith', 'Healthcare', '786 Logan Center
Bakerside, OH 71145');
INSERT INTO `Company` (companyID, name, industry, location) VALUES (31, 'Lynch, Hines and Dalton', 'Technology', '4447 Angela Passage
North Pamelastad, MI 95105');
INSERT INTO `Company` (companyID, name, industry, location) VALUES (32, 'Walsh, Miller and Blake', 'Education', '340 Edwards Passage Apt. 706
Port Vincentton, UT 95374');
INSERT INTO `Company` (companyID, name, industry, location) VALUES (33, 'Smith PLC', 'Technology', '08568 Tonya Lodge Apt. 400
Smithfort, FL 55707');
INSERT INTO `Company` (companyID, name, industry, location) VALUES (34, 'Carr-Moon', 'Technology', '7267 Turner Village Suite 944
Conwayside, AL 14907');
INSERT INTO `Company` (companyID, name, industry, location) VALUES (35, 'Gonzalez Inc', 'Finance', '71389 Robert View Apt. 342
Port Lisa, KY 02689');
INSERT INTO `Company` (companyID, name, industry, location) VALUES (36, 'Richardson-Dunn', 'Education', '9623 Kevin Crossroad Apt. 476
Smithmouth, CT 46190');
INSERT INTO `Company` (companyID, name, industry, location) VALUES (37, 'Oconnor, Martinez and Edwards', 'Healthcare', '01868 Anderson Village Apt. 005
Port Ian, TN 04439');
INSERT INTO `Company` (companyID, name, industry, location) VALUES (38, 'Shelton-Washington', 'Technology', '6889 Carrie Summit Apt. 072
South Jacobstad, ME 59460');
INSERT INTO `Company` (companyID, name, industry, location) VALUES (39, 'Howard-Sharp', 'Education', '6730 Ramirez Motorway Apt. 276
South Michaelfurt, AR 44400');
INSERT INTO `Company` (companyID, name, industry, location) VALUES (40, 'Schmidt-Thomas', 'Finance', '37941 Christopher Lock
Port Christina, SC 16371');

-- Sample Data for Employers Table
INSERT INTO `Employers` (employerID, userID, companyID) VALUES (1, 81, 2);
INSERT INTO `Employers` (employerID, userID, companyID) VALUES (2, 82, 17);
INSERT INTO `Employers` (employerID, userID, companyID) VALUES (3, 83, 20);
INSERT INTO `Employers` (employerID, userID, companyID) VALUES (4, 84, 10);
INSERT INTO `Employers` (employerID, userID, companyID) VALUES (5, 85, 8);
INSERT INTO `Employers` (employerID, userID, companyID) VALUES (6, 86, 13);
INSERT INTO `Employers` (employerID, userID, companyID) VALUES (7, 87, 3);
INSERT INTO `Employers` (employerID, userID, companyID) VALUES (8, 88, 8);
INSERT INTO `Employers` (employerID, userID, companyID) VALUES (9, 89, 13);
INSERT INTO `Employers` (employerID, userID, companyID) VALUES (10, 90, 17);
INSERT INTO `Employers` (employerID, userID, companyID) VALUES (11, 91, 9);
INSERT INTO `Employers` (employerID, userID, companyID) VALUES (12, 92, 1);
INSERT INTO `Employers` (employerID, userID, companyID) VALUES (13, 93, 11);
INSERT INTO `Employers` (employerID, userID, companyID) VALUES (14, 94, 20);
INSERT INTO `Employers` (employerID, userID, companyID) VALUES (15, 95, 5);
INSERT INTO `Employers` (employerID, userID, companyID) VALUES (16, 96, 13);
INSERT INTO `Employers` (employerID, userID, companyID) VALUES (17, 97, 3);
INSERT INTO `Employers` (employerID, userID, companyID) VALUES (18, 98, 1);
INSERT INTO `Employers` (employerID, userID, companyID) VALUES (19, 99, 4);
INSERT INTO `Employers` (employerID, userID, companyID) VALUES (20, 100, 7);
INSERT INTO `Employers` (employerID, userID, companyID) VALUES (21, 101, 11);
INSERT INTO `Employers` (employerID, userID, companyID) VALUES (22, 102, 13);
INSERT INTO `Employers` (employerID, userID, companyID) VALUES (23, 103, 16);
INSERT INTO `Employers` (employerID, userID, companyID) VALUES (24, 104, 7);
INSERT INTO `Employers` (employerID, userID, companyID) VALUES (25, 105, 7);
INSERT INTO `Employers` (employerID, userID, companyID) VALUES (26, 106, 11);
INSERT INTO `Employers` (employerID, userID, companyID) VALUES (27, 107, 1);
INSERT INTO `Employers` (employerID, userID, companyID) VALUES (28, 108, 11);
INSERT INTO `Employers` (employerID, userID, companyID) VALUES (29, 109, 3);
INSERT INTO `Employers` (employerID, userID, companyID) VALUES (30, 110, 4);
INSERT INTO `Employers` (employerID, userID, companyID) VALUES (31, 111, 9);
INSERT INTO `Employers` (employerID, userID, companyID) VALUES (32, 112, 10);
INSERT INTO `Employers` (employerID, userID, companyID) VALUES (33, 113, 4);
INSERT INTO `Employers` (employerID, userID, companyID) VALUES (34, 114, 4);
INSERT INTO `Employers` (employerID, userID, companyID) VALUES (35, 115, 18);
INSERT INTO `Employers` (employerID, userID, companyID) VALUES (36, 116, 6);
INSERT INTO `Employers` (employerID, userID, companyID) VALUES (37, 117, 15);
INSERT INTO `Employers` (employerID, userID, companyID) VALUES (38, 118, 7);
INSERT INTO `Employers` (employerID, userID, companyID) VALUES (39, 119, 1);
INSERT INTO `Employers` (employerID, userID, companyID) VALUES (40, 120, 11);

-- Sample Data for ForumDiscussion Table
INSERT INTO `ForumDiscussion` (discussionID, createdBy, content, title, tags) VALUES (1, 30, 'Co-op discussion about Lucas and Sons at Harperberg. Raise style task send. Imagine very young democratic director trade prove. Tv technology appear member. Social politics as single save enough.', 'Discussion on Public house manager experience', 'yet');
INSERT INTO `ForumDiscussion` (discussionID, createdBy, content, title, tags) VALUES (2, 55, 'Co-op discussion about Solis Group at East Matthew. Table itself still. Wind live political thought modern nice against.', 'Discussion on Copywriter, advertising experience', 'edge');
INSERT INTO `ForumDiscussion` (discussionID, createdBy, content, title, tags) VALUES (3, 127, 'Co-op discussion about Wagner, Thomas and Palmer at Lake Emma. You source bar might discussion. Here child no reason. Commercial keep former answer focus thing pressure free.', 'Discussion on Newspaper journalist experience', 'opportunity');
INSERT INTO `ForumDiscussion` (discussionID, createdBy, content, title, tags) VALUES (4, 140, 'Co-op discussion about Nelson PLC at Lake Rayville. Wait man career trade eye important. Machine statement tend special. Ground particular entire.
Affect region hot. Pick discussion rather.', 'Discussion on Psychiatric nurse experience', 'executive');
INSERT INTO `ForumDiscussion` (discussionID, createdBy, content, title, tags) VALUES (5, 26, 'Co-op discussion about Taylor, Doyle and Clark at Port Crystalburgh. Laugh wife discuss probably expert five. White along about throughout because coach.', 'Discussion on Retail manager experience', 'their');
INSERT INTO `ForumDiscussion` (discussionID, createdBy, content, title, tags) VALUES (6, 98, 'Co-op discussion about Barnes-Cook at Amytown. Individual light artist western. Specific leg assume certain when although effort. Reason foreign old occur direction rather.', 'Discussion on Teacher, early years/pre experience', 'away');
INSERT INTO `ForumDiscussion` (discussionID, createdBy, content, title, tags) VALUES (7, 52, 'Co-op discussion about Mathews LLC at Port Billy. Onto bar budget skin modern radio. Adult civil none against risk. While beyond at choice again type.', 'Discussion on Medical illustrator experience', 'investment');
INSERT INTO `ForumDiscussion` (discussionID, createdBy, content, title, tags) VALUES (8, 15, 'Co-op discussion about Doyle Inc at Ashleychester. Experience effect movement foot hand world hundred. Determine painting represent. Hundred your once discussion truth.', 'Discussion on Clinical psychologist experience', 'agency');
INSERT INTO `ForumDiscussion` (discussionID, createdBy, content, title, tags) VALUES (9, 18, 'Co-op discussion about Joseph-Webb at Jasonhaven. Agreement add page so represent put many. Finally lay one second.
Late the measure. Range market happen evening system benefit type.', 'Discussion on Production designer, theatre/television/film experience', 'prevent');
INSERT INTO `ForumDiscussion` (discussionID, createdBy, content, title, tags) VALUES (10, 134, 'Co-op discussion about Lawrence, Rivera and Alexander at Lesterstad. Lose side after almost simple choice factor town. Century because a without theory upon.', 'Discussion on Scientist, research (maths) experience', 'more');
INSERT INTO `ForumDiscussion` (discussionID, createdBy, content, title, tags) VALUES (11, 80, 'Co-op discussion about Sims-Hernandez at Cynthiaport. Quite word interview house receive down lose. Company wife ready produce. Know somebody east movie including skin prevent poor.', 'Discussion on Seismic interpreter experience', 'west');
INSERT INTO `ForumDiscussion` (discussionID, createdBy, content, title, tags) VALUES (12, 18, 'Co-op discussion about Anthony, Waller and Salas at Craigchester. Near miss class election agreement type property. Decision story this feeling society child party.', 'Discussion on Television production assistant experience', 'think');
INSERT INTO `ForumDiscussion` (discussionID, createdBy, content, title, tags) VALUES (13, 20, 'Co-op discussion about Richardson, Melendez and Anderson at West Julie. Second all series value. Thing necessary great discover admit. Free fund something particularly. Life drug kitchen ago heart.', 'Discussion on Editor, commissioning experience', 'many');
INSERT INTO `ForumDiscussion` (discussionID, createdBy, content, title, tags) VALUES (14, 6, 'Co-op discussion about Herman Ltd at Holdermouth. School network answer magazine support important up. Born strong detail argue.', 'Discussion on Product manager experience', 'sister');
INSERT INTO `ForumDiscussion` (discussionID, createdBy, content, title, tags) VALUES (15, 113, 'Co-op discussion about Ball-West at Lisaville. Issue contain admit thousand move. Artist reality across Mr stop. Language official night control talk.', 'Discussion on Health service manager experience', 'day');
INSERT INTO `ForumDiscussion` (discussionID, createdBy, content, title, tags) VALUES (16, 92, 'Co-op discussion about Mitchell-Robertson at Gonzalesstad. Development fact rise leader throw. Product a special white enough here office protect. Set partner year fact page ground.', 'Discussion on Optician, dispensing experience', 'about');
INSERT INTO `ForumDiscussion` (discussionID, createdBy, content, title, tags) VALUES (17, 72, 'Co-op discussion about Ramirez LLC at Sandersfort. Per where her economy represent turn.
View sit method range product its. Score say within citizen. Successful long investment your very drop view.', 'Discussion on Physiological scientist experience', 'security');
INSERT INTO `ForumDiscussion` (discussionID, createdBy, content, title, tags) VALUES (18, 45, 'Co-op discussion about Gonzalez Ltd at East Jenny. Dog reveal purpose task admit. Eye realize color degree parent artist art. May rule behavior suddenly between. Need option size.', 'Discussion on Equality and diversity officer experience', 'send');
INSERT INTO `ForumDiscussion` (discussionID, createdBy, content, title, tags) VALUES (19, 103, 'Co-op discussion about Adams, White and Leon at West Nathanland. Follow sit data six future now stage. Never stay street throughout news.
List keep state often son key west top.', 'Discussion on Merchandiser, retail experience', 'house');
INSERT INTO `ForumDiscussion` (discussionID, createdBy, content, title, tags) VALUES (20, 20, 'Co-op discussion about Lawson, Morales and Mcdonald at South Lisaside. Industry big leader score poor. Physical though important behind mention ten authority.', 'Discussion on Printmaker experience', 'senior');
INSERT INTO `ForumDiscussion` (discussionID, createdBy, content, title, tags) VALUES (21, 106, 'Co-op discussion about Jackson Ltd at Lake Randyville. Pm phone us its keep doctor public generation.', 'Discussion on Sport and exercise psychologist experience', 'series');
INSERT INTO `ForumDiscussion` (discussionID, createdBy, content, title, tags) VALUES (22, 30, 'Co-op discussion about Moody-Smith at Wongborough. Husband religious company. Official imagine pay campaign. Most might pay institution help fire purpose.', 'Discussion on Mental health nurse experience', 'almost');
INSERT INTO `ForumDiscussion` (discussionID, createdBy, content, title, tags) VALUES (23, 14, 'Co-op discussion about Larson-Dean at West Andrew. Improve region series. Party eat cold continue beautiful.
Peace some might ahead system. Cup pretty carry week apply story. His we east.', 'Discussion on Paramedic experience', 'north');
INSERT INTO `ForumDiscussion` (discussionID, createdBy, content, title, tags) VALUES (24, 55, 'Co-op discussion about Perez-Hale at Bryantfort. Something then answer week two police them compare. Structure key throughout eight market popular example.', 'Discussion on Personal assistant experience', 'at');
INSERT INTO `ForumDiscussion` (discussionID, createdBy, content, title, tags) VALUES (25, 140, 'Co-op discussion about Pierce Group at South David. Expert share ready decide newspaper sort. Upon strong senior. Weight notice probably Mr.', 'Discussion on Biochemist, clinical experience', 'fight');
INSERT INTO `ForumDiscussion` (discussionID, createdBy, content, title, tags) VALUES (26, 111, 'Co-op discussion about Kane-Garcia at North Peterfort. Than recent cultural true full fish much clear. Sell task focus identify floor issue pressure. Operation cell door against around station.', 'Discussion on Chartered certified accountant experience', 'feel');
INSERT INTO `ForumDiscussion` (discussionID, createdBy, content, title, tags) VALUES (27, 137, 'Co-op discussion about Bowman-Johnson at Jennifermouth. Kind lot make arm back avoid. Same today their left old some. But floor central fund month music part.', 'Discussion on Museum education officer experience', 'mention');
INSERT INTO `ForumDiscussion` (discussionID, createdBy, content, title, tags) VALUES (28, 26, 'Co-op discussion about Orozco Ltd at Leeside. Others sing PM measure increase. Occur sell board house. Hot many wish president local information start. Us explain old identify upon first.', 'Discussion on Accommodation manager experience', 'can');
INSERT INTO `ForumDiscussion` (discussionID, createdBy, content, title, tags) VALUES (29, 112, 'Co-op discussion about Ferguson-Mitchell at Marqueztown. Art foot story anything out seek likely. Team unit certainly staff wear field. Political hand region.', 'Discussion on Medical secretary experience', 'ago');
INSERT INTO `ForumDiscussion` (discussionID, createdBy, content, title, tags) VALUES (30, 83, 'Co-op discussion about Henry, Austin and Ward at Christinechester. Three station suddenly main smile you. What create fill white add sister. Own party as base.', 'Discussion on Industrial buyer experience', 'ability');
INSERT INTO `ForumDiscussion` (discussionID, createdBy, content, title, tags) VALUES (31, 90, 'Co-op discussion about King LLC at Anitamouth. Operation sing together. Accept animal standard everyone. Country single site character program money.', 'Discussion on Location manager experience', 'skin');
INSERT INTO `ForumDiscussion` (discussionID, createdBy, content, title, tags) VALUES (32, 120, 'Co-op discussion about Thompson-Butler at Tonyborough. Democrat walk car our. Material support feeling.', 'Discussion on Media buyer experience', 'ten');
INSERT INTO `ForumDiscussion` (discussionID, createdBy, content, title, tags) VALUES (33, 90, 'Co-op discussion about Stevenson LLC at West Walterview. Draw relationship need establish. Brother the protect begin who box relationship. But character idea occur natural.', 'Discussion on Television floor manager experience', 'degree');
INSERT INTO `ForumDiscussion` (discussionID, createdBy, content, title, tags) VALUES (34, 127, 'Co-op discussion about Dixon-Miller at West Michaelville. Provide theory believe win agency. Whatever ability concern same work save. Produce necessary professional father.', 'Discussion on English as a second language teacher experience', 'whether');
INSERT INTO `ForumDiscussion` (discussionID, createdBy, content, title, tags) VALUES (35, 38, 'Co-op discussion about Horne, Ford and Johnson at Davisfort. Born indeed experience return growth decade. With attention participant right might soldier find. Material serious guess music pay.', 'Discussion on Designer, exhibition/display experience', 'early');
INSERT INTO `ForumDiscussion` (discussionID, createdBy, content, title, tags) VALUES (36, 94, 'Co-op discussion about Hogan-Brown at Tapiaview. Site foreign here him way such. Attorney stuff stuff save amount.', 'Discussion on Programmer, applications experience', 'three');
INSERT INTO `ForumDiscussion` (discussionID, createdBy, content, title, tags) VALUES (37, 116, 'Co-op discussion about Thomas, Harris and Carter at South Alexander. Him movie behavior social. Need baby central budget check. Song them husband throw.', 'Discussion on Fish farm manager experience', 'report');
INSERT INTO `ForumDiscussion` (discussionID, createdBy, content, title, tags) VALUES (38, 133, 'Co-op discussion about Mccoy-Thompson at Lake Amanda. Fill reduce attention ten no citizen. Show since billion himself heavy break realize federal.', 'Discussion on Higher education careers adviser experience', 'our');
INSERT INTO `ForumDiscussion` (discussionID, createdBy, content, title, tags) VALUES (39, 113, 'Co-op discussion about Clements, Sanders and Austin at New Kaitlynview. Value police positive civil head pay realize. Agent look kind above soldier question particularly. Prevent part TV reach suffer.', 'Discussion on Designer, ceramics/pottery experience', 'team');
INSERT INTO `ForumDiscussion` (discussionID, createdBy, content, title, tags) VALUES (40, 103, 'Co-op discussion about Owen, Chambers and Hickman at North Melanie. Weight wait simply simple particularly. Get quality rise American third pull.', 'Discussion on Barista experience', 'I');

-- Sample Data for Job Table
INSERT INTO `Job` (jobID, companyID, employerID, title, datePosted, description) VALUES (1, 2, 35, 'Film/video editor', '2021-05-01 13:29:21', 'There walk black concern kind. Foreign find serve drop crime should four. Although house than seat responsibility leader end though.');
INSERT INTO `Job` (jobID, companyID, employerID, title, datePosted, description) VALUES (2, 12, 26, 'Maintenance engineer', '2020-07-29 09:13:27', 'Idea yard write perhaps group sort. Exist option too billion.
Cup people wrong dark. Example myself church couple knowledge positive attack. Movie yourself pretty.');
INSERT INTO `Job` (jobID, companyID, employerID, title, datePosted, description) VALUES (3, 21, 19, 'Fish farm manager', '2022-08-26 00:19:53', 'Watch level feel finish whose part audience. Network year social spring.
Cost result civil know son course. Floor start same remain mention ready. Step their question need government seat.');
INSERT INTO `Job` (jobID, companyID, employerID, title, datePosted, description) VALUES (4, 8, 13, 'Manufacturing engineer', '2023-11-25 09:06:06', 'Catch reach clear. She feel amount doctor. Age decade professor herself radio.
Threat ok mother accept. Discuss spend too expect describe he price loss. Off set threat.');
INSERT INTO `Job` (jobID, companyID, employerID, title, datePosted, description) VALUES (5, 5, 25, 'Sound technician, broadcasting/film/video', '2022-10-01 18:23:11', 'Drive economy say site season recent economic. Participant only never wide. Mean stuff make.
Inside nothing plant name. Worry boy tell buy parent. Suggest someone program send.');
INSERT INTO `Job` (jobID, companyID, employerID, title, datePosted, description) VALUES (6, 7, 36, 'Psychotherapist, dance movement', '2023-09-27 22:15:32', 'Nation our card young direction nice. Rest especially language everybody itself manager case. Last bit two possible from goal.');
INSERT INTO `Job` (jobID, companyID, employerID, title, datePosted, description) VALUES (7, 34, 17, 'Publishing rights manager', '2024-09-28 16:04:42', 'Include describe under attorney occur maybe appear. Son rule once a individual.');
INSERT INTO `Job` (jobID, companyID, employerID, title, datePosted, description) VALUES (8, 34, 17, 'Research scientist (life sciences)', '2022-06-24 00:04:46', 'Star present main student image within. Know state share many stand another way party.
Almost game baby case hour. With fact nearly help style. Member them bad.');
INSERT INTO `Job` (jobID, companyID, employerID, title, datePosted, description) VALUES (9, 8, 36, 'Financial controller', '2023-02-18 12:33:26', 'Really season PM. Front yourself clearly building. Pm second clear indicate south theory.
Hear huge measure price word light like. And agree trouble try. Face exist ready tree memory phone.');
INSERT INTO `Job` (jobID, companyID, employerID, title, datePosted, description) VALUES (10, 7, 28, 'Freight forwarder', '2021-12-15 22:07:20', 'Woman accept her see foot half soldier. Less language material have. Recent leave information wrong single. Call guess high tend area.');
INSERT INTO `Job` (jobID, companyID, employerID, title, datePosted, description) VALUES (11, 24, 11, 'Ceramics designer', '2021-12-24 00:49:11', 'Hot walk involve beyond purpose. Whether candidate others among purpose set western. Writer clearly camera.');
INSERT INTO `Job` (jobID, companyID, employerID, title, datePosted, description) VALUES (12, 39, 22, 'Sports development officer', '2022-06-05 00:06:04', 'Effect his fly many fish carry process.
Return southern study hit country. Pattern few along rather particularly face happy.');
INSERT INTO `Job` (jobID, companyID, employerID, title, datePosted, description) VALUES (13, 35, 34, 'Research scientist (life sciences)', '2020-01-15 15:24:43', 'Sing turn open film across carry. Low control left person per keep approach health.
Accept remain although senior imagine. White those itself article herself sing.');
INSERT INTO `Job` (jobID, companyID, employerID, title, datePosted, description) VALUES (14, 10, 30, 'Public house manager', '2024-05-17 13:18:49', 'Less grow hotel drive tree certain order. Hotel against six require. Example clearly indeed mean policy office.
Expect anything network field. Notice plant perhaps surface although.');
INSERT INTO `Job` (jobID, companyID, employerID, title, datePosted, description) VALUES (15, 5, 28, 'Solicitor', '2021-06-13 14:53:11', 'Thus have pay choice prepare. Step tree consumer piece.
Piece citizen evening seat hold.
Officer particularly good raise. Even relate suffer perhaps him. Other remain since never local show choice.');
INSERT INTO `Job` (jobID, companyID, employerID, title, datePosted, description) VALUES (16, 10, 26, 'Doctor, hospital', '2024-10-03 05:50:46', 'House visit lot drop that once. Group travel foot entire evidence. Detail board lead inside indeed modern smile. Alone bill participant out.
Voice check send way by bring prevent.');
INSERT INTO `Job` (jobID, companyID, employerID, title, datePosted, description) VALUES (17, 28, 16, 'Editor, film/video', '2022-08-05 02:59:15', 'Possible together without I expect. Speak real reveal represent wide again they.
Keep than until maintain push himself argue. Kind cut ready left arm listen.');
INSERT INTO `Job` (jobID, companyID, employerID, title, datePosted, description) VALUES (18, 1, 24, 'Magazine journalist', '2020-08-14 01:17:00', 'Sea trade according themselves catch. Speech choose bank group team. Day million appear near minute.
Himself suddenly purpose yes include guess near. Run investment service bag cause population fast.');
INSERT INTO `Job` (jobID, companyID, employerID, title, datePosted, description) VALUES (19, 9, 17, 'Science writer', '2024-05-26 12:11:14', 'After head expect north. Both pretty fly arrive it safe.
Rest fact age foreign. Do available Democrat up bit plan least down. With might couple start.');
INSERT INTO `Job` (jobID, companyID, employerID, title, datePosted, description) VALUES (20, 16, 21, 'Contractor', '2022-04-21 11:36:43', 'Always south throw somebody reach. Young authority toward no concern gun. Question its save play quality perform and.');
INSERT INTO `Job` (jobID, companyID, employerID, title, datePosted, description) VALUES (21, 12, 23, 'Radiographer, therapeutic', '2024-03-23 09:14:07', 'Set section allow response maybe a movement. Series affect suffer give. Recognize sometimes west response put.
Attention might before possible interesting prove small.');
INSERT INTO `Job` (jobID, companyID, employerID, title, datePosted, description) VALUES (22, 40, 40, 'Physiotherapist', '2022-06-10 14:15:54', 'Life if person thing partner sport mouth.
Discuss source ground huge. Follow reason design others.
Before vote where carry war. Standard clearly return by mother.');
INSERT INTO `Job` (jobID, companyID, employerID, title, datePosted, description) VALUES (23, 9, 18, 'Arboriculturist', '2021-06-24 12:24:24', 'Risk same tree organization response assume. Recent bank increase.
Plant early step find production even. Affect build set fear.');
INSERT INTO `Job` (jobID, companyID, employerID, title, datePosted, description) VALUES (24, 37, 8, 'Tour manager', '2022-12-10 22:03:55', 'Home sister positive break. Use compare mission whether TV size old.
Perhaps compare new painting represent floor gun. Per when his lot.
Man seat magazine out simple five.');
INSERT INTO `Job` (jobID, companyID, employerID, title, datePosted, description) VALUES (25, 16, 34, 'Accountant, chartered management', '2020-10-04 17:08:30', 'Bill business raise young stage strong majority. Conference figure since large. Production exist spring water happy set not.');
INSERT INTO `Job` (jobID, companyID, employerID, title, datePosted, description) VALUES (26, 30, 22, 'Magazine features editor', '2021-06-09 12:35:23', 'Yeah last apply across magazine admit first. Control four education many together suggest.');
INSERT INTO `Job` (jobID, companyID, employerID, title, datePosted, description) VALUES (27, 1, 39, 'Associate Professor', '2022-04-29 23:00:08', 'When own eye hold mean actually floor until. Body camera mother food. Minute family local employee from.
Raise watch huge work. Mission on decide by.');
INSERT INTO `Job` (jobID, companyID, employerID, title, datePosted, description) VALUES (28, 4, 38, 'Secretary, company', '2024-03-14 15:31:46', 'Significant reflect draw especially public still. Next college purpose.
Of admit ok material field simply. Traditional keep owner kid heart issue black course.');
INSERT INTO `Job` (jobID, companyID, employerID, title, datePosted, description) VALUES (29, 31, 7, 'Public relations account executive', '2023-03-04 20:45:38', 'Worker good city move time design kitchen. Fire matter back minute learn thank decide.
Consumer instead among evening.');
INSERT INTO `Job` (jobID, companyID, employerID, title, datePosted, description) VALUES (30, 3, 38, 'Psychotherapist', '2020-11-21 22:08:12', 'Within several beautiful charge. Far Republican under catch like note central.
Unit threat red create deep. Newspaper quality less east song should mean. Want parent cultural though get seem.');
INSERT INTO `Job` (jobID, companyID, employerID, title, datePosted, description) VALUES (31, 2, 4, 'Solicitor', '2022-07-22 10:34:45', 'Tough event look off adult will enjoy always. Language administration modern ago draw family. Fight throw but worker region argue accept.');
INSERT INTO `Job` (jobID, companyID, employerID, title, datePosted, description) VALUES (32, 22, 34, 'Quantity surveyor', '2020-04-14 03:21:41', 'Wind picture all hundred science we know wish.
Official thus result only tonight themselves age. Enjoy company then.
Source drug next seem body method operation event. Blood many team.');
INSERT INTO `Job` (jobID, companyID, employerID, title, datePosted, description) VALUES (33, 20, 27, 'Artist', '2023-02-24 21:47:44', 'Dog former no herself several executive. Personal day choice cause get heavy college star.
Bit among prevent serious. Firm great wish space their. Third admit force require agency.');
INSERT INTO `Job` (jobID, companyID, employerID, title, datePosted, description) VALUES (34, 31, 1, 'Chief Strategy Officer', '2023-01-10 03:26:37', 'Blue Mr move now coach who red eye. Kind south outside interest environmental various few simply. Green guy four.');
INSERT INTO `Job` (jobID, companyID, employerID, title, datePosted, description) VALUES (35, 39, 24, 'Counsellor', '2023-09-17 16:57:15', 'Despite travel thousand society. Whom officer meet yet machine with. Star use this property smile ahead past. Fish professor past wind place.');
INSERT INTO `Job` (jobID, companyID, employerID, title, datePosted, description) VALUES (36, 19, 19, 'Teacher, adult education', '2023-10-16 03:40:54', 'Arrive kid only child she. During company might I heavy. Model not happen industry economy direction.
Window pick little short. Move condition worker. Happy walk population sell five low young.');
INSERT INTO `Job` (jobID, companyID, employerID, title, datePosted, description) VALUES (37, 30, 22, 'Animal nutritionist', '2023-12-02 20:51:54', 'Operation language reach. Bring remain discussion simple.
Activity since name pass section.
Nearly let onto spend reduce investment. Ball mission easy sometimes us.');
INSERT INTO `Job` (jobID, companyID, employerID, title, datePosted, description) VALUES (38, 16, 33, 'Editorial assistant', '2020-02-08 11:36:29', 'First certainly discussion. Author score foot audience.
Price term learn someone two international budget. Not clear property it firm. Customer town even four we.
Page hear learn race when year.');
INSERT INTO `Job` (jobID, companyID, employerID, title, datePosted, description) VALUES (39, 40, 11, 'Production assistant, radio', '2023-11-10 20:13:19', 'Task study factor environment measure majority soldier thus. Put power field with.');
INSERT INTO `Job` (jobID, companyID, employerID, title, datePosted, description) VALUES (40, 31, 35, 'Geoscientist', '2020-01-04 19:05:30', 'Single education daughter lead learn.
Natural expert despite his property cold. Recent economy cause moment. College music word girl. Herself stage whose push toward best.');

-- Sample Data for Application Table
INSERT INTO `Application` (appID, studentID, jobID, dateSubmitted, status) VALUES (1, 14, 6, '2024-02-11 04:54:34', 'approved');
INSERT INTO `Application` (appID, studentID, jobID, dateSubmitted, status) VALUES (2, 15, 38, '2024-10-08 14:29:38', 'rejected');
INSERT INTO `Application` (appID, studentID, jobID, dateSubmitted, status) VALUES (3, 39, 26, '2024-07-10 18:57:23', 'approved');
INSERT INTO `Application` (appID, studentID, jobID, dateSubmitted, status) VALUES (4, 32, 39, '2024-01-01 00:34:47', 'rejected');
INSERT INTO `Application` (appID, studentID, jobID, dateSubmitted, status) VALUES (5, 28, 35, '2024-11-05 16:43:29', 'approved');
INSERT INTO `Application` (appID, studentID, jobID, dateSubmitted, status) VALUES (6, 18, 22, '2024-04-12 12:16:49', 'rejected');
INSERT INTO `Application` (appID, studentID, jobID, dateSubmitted, status) VALUES (7, 17, 28, '2024-01-31 11:32:51', 'approved');
INSERT INTO `Application` (appID, studentID, jobID, dateSubmitted, status) VALUES (8, 10, 34, '2024-10-03 21:29:15', 'rejected');
INSERT INTO `Application` (appID, studentID, jobID, dateSubmitted, status) VALUES (9, 28, 22, '2024-06-30 13:52:18', 'rejected');
INSERT INTO `Application` (appID, studentID, jobID, dateSubmitted, status) VALUES (10, 31, 40, '2024-03-17 20:46:17', 'rejected');
INSERT INTO `Application` (appID, studentID, jobID, dateSubmitted, status) VALUES (11, 30, 2, '2024-01-06 11:03:32', 'approved');
INSERT INTO `Application` (appID, studentID, jobID, dateSubmitted, status) VALUES (12, 17, 12, '2024-07-24 21:55:35', 'pending');
INSERT INTO `Application` (appID, studentID, jobID, dateSubmitted, status) VALUES (13, 22, 7, '2024-06-15 01:28:00', 'rejected');
INSERT INTO `Application` (appID, studentID, jobID, dateSubmitted, status) VALUES (14, 5, 39, '2024-07-19 05:50:38', 'approved');
INSERT INTO `Application` (appID, studentID, jobID, dateSubmitted, status) VALUES (15, 39, 25, '2024-07-09 12:26:11', 'pending');
INSERT INTO `Application` (appID, studentID, jobID, dateSubmitted, status) VALUES (16, 15, 20, '2024-08-26 14:36:48', 'approved');
INSERT INTO `Application` (appID, studentID, jobID, dateSubmitted, status) VALUES (17, 25, 9, '2024-08-20 15:36:13', 'approved');
INSERT INTO `Application` (appID, studentID, jobID, dateSubmitted, status) VALUES (18, 12, 14, '2024-04-11 07:56:31', 'rejected');
INSERT INTO `Application` (appID, studentID, jobID, dateSubmitted, status) VALUES (19, 1, 6, '2024-11-07 06:53:04', 'approved');
INSERT INTO `Application` (appID, studentID, jobID, dateSubmitted, status) VALUES (20, 22, 8, '2024-01-21 08:16:39', 'pending');
INSERT INTO `Application` (appID, studentID, jobID, dateSubmitted, status) VALUES (21, 17, 17, '2024-10-28 06:11:37', 'pending');
INSERT INTO `Application` (appID, studentID, jobID, dateSubmitted, status) VALUES (22, 10, 1, '2024-05-01 09:55:13', 'rejected');
INSERT INTO `Application` (appID, studentID, jobID, dateSubmitted, status) VALUES (23, 14, 14, '2024-02-01 16:53:56', 'rejected');
INSERT INTO `Application` (appID, studentID, jobID, dateSubmitted, status) VALUES (24, 39, 31, '2024-09-13 17:05:40', 'approved');
INSERT INTO `Application` (appID, studentID, jobID, dateSubmitted, status) VALUES (25, 14, 21, '2024-07-04 15:50:37', 'rejected');
INSERT INTO `Application` (appID, studentID, jobID, dateSubmitted, status) VALUES (26, 36, 20, '2024-08-05 16:11:44', 'approved');
INSERT INTO `Application` (appID, studentID, jobID, dateSubmitted, status) VALUES (27, 15, 29, '2024-03-28 00:17:13', 'pending');
INSERT INTO `Application` (appID, studentID, jobID, dateSubmitted, status) VALUES (28, 3, 21, '2024-01-15 18:06:47', 'rejected');
INSERT INTO `Application` (appID, studentID, jobID, dateSubmitted, status) VALUES (29, 9, 25, '2024-07-06 19:52:58', 'pending');
INSERT INTO `Application` (appID, studentID, jobID, dateSubmitted, status) VALUES (30, 8, 35, '2024-05-11 19:16:21', 'pending');
INSERT INTO `Application` (appID, studentID, jobID, dateSubmitted, status) VALUES (31, 3, 32, '2024-01-30 19:12:38', 'rejected');
INSERT INTO `Application` (appID, studentID, jobID, dateSubmitted, status) VALUES (32, 16, 33, '2024-09-15 22:50:12', 'rejected');
INSERT INTO `Application` (appID, studentID, jobID, dateSubmitted, status) VALUES (33, 25, 4, '2024-07-03 04:07:51', 'pending');
INSERT INTO `Application` (appID, studentID, jobID, dateSubmitted, status) VALUES (34, 4, 24, '2024-03-25 14:19:15', 'rejected');
INSERT INTO `Application` (appID, studentID, jobID, dateSubmitted, status) VALUES (35, 21, 30, '2024-03-31 09:59:11', 'approved');
INSERT INTO `Application` (appID, studentID, jobID, dateSubmitted, status) VALUES (36, 40, 36, '2024-09-15 21:47:52', 'pending');
INSERT INTO `Application` (appID, studentID, jobID, dateSubmitted, status) VALUES (37, 13, 35, '2024-03-13 00:25:40', 'approved');
INSERT INTO `Application` (appID, studentID, jobID, dateSubmitted, status) VALUES (38, 2, 22, '2024-04-24 11:07:24', 'approved');
INSERT INTO `Application` (appID, studentID, jobID, dateSubmitted, status) VALUES (39, 28, 16, '2024-10-24 18:48:58', 'pending');
INSERT INTO `Application` (appID, studentID, jobID, dateSubmitted, status) VALUES (40, 24, 26, '2024-08-25 04:12:26', 'approved');

-- Sample Data for Comment Table
INSERT INTO `Comment` (commentID, createdBy, forumID, createdAt) VALUES (1, 129, 18, '2024-08-12 09:26:07');
INSERT INTO `Comment` (commentID, createdBy, forumID, createdAt) VALUES (2, 86, 33, '2024-04-06 18:34:55');
INSERT INTO `Comment` (commentID, createdBy, forumID, createdAt) VALUES (3, 97, 9, '2024-03-27 18:28:47');
INSERT INTO `Comment` (commentID, createdBy, forumID, createdAt) VALUES (4, 122, 32, '2024-03-06 21:10:26');
INSERT INTO `Comment` (commentID, createdBy, forumID, createdAt) VALUES (5, 87, 21, '2024-07-26 13:54:48');
INSERT INTO `Comment` (commentID, createdBy, forumID, createdAt) VALUES (6, 103, 31, '2024-09-19 08:32:05');
INSERT INTO `Comment` (commentID, createdBy, forumID, createdAt) VALUES (7, 28, 24, '2024-09-02 23:25:45');
INSERT INTO `Comment` (commentID, createdBy, forumID, createdAt) VALUES (8, 79, 34, '2024-03-22 14:21:18');
INSERT INTO `Comment` (commentID, createdBy, forumID, createdAt) VALUES (9, 83, 7, '2024-10-06 18:44:10');
INSERT INTO `Comment` (commentID, createdBy, forumID, createdAt) VALUES (10, 140, 14, '2024-10-01 18:14:47');
INSERT INTO `Comment` (commentID, createdBy, forumID, createdAt) VALUES (11, 90, 39, '2024-06-12 00:24:14');
INSERT INTO `Comment` (commentID, createdBy, forumID, createdAt) VALUES (12, 19, 22, '2024-06-19 14:41:14');
INSERT INTO `Comment` (commentID, createdBy, forumID, createdAt) VALUES (13, 105, 27, '2024-08-06 18:58:41');
INSERT INTO `Comment` (commentID, createdBy, forumID, createdAt) VALUES (14, 139, 28, '2024-09-07 10:07:47');
INSERT INTO `Comment` (commentID, createdBy, forumID, createdAt) VALUES (15, 3, 39, '2024-08-26 23:35:50');
INSERT INTO `Comment` (commentID, createdBy, forumID, createdAt) VALUES (16, 71, 30, '2024-09-04 09:20:06');
INSERT INTO `Comment` (commentID, createdBy, forumID, createdAt) VALUES (17, 56, 4, '2024-01-22 14:07:42');
INSERT INTO `Comment` (commentID, createdBy, forumID, createdAt) VALUES (18, 39, 13, '2024-04-04 17:20:46');
INSERT INTO `Comment` (commentID, createdBy, forumID, createdAt) VALUES (19, 63, 40, '2024-04-24 23:56:06');
INSERT INTO `Comment` (commentID, createdBy, forumID, createdAt) VALUES (20, 38, 1, '2024-03-16 23:48:40');
INSERT INTO `Comment` (commentID, createdBy, forumID, createdAt) VALUES (21, 59, 16, '2024-07-17 10:15:15');
INSERT INTO `Comment` (commentID, createdBy, forumID, createdAt) VALUES (22, 39, 10, '2024-08-26 00:14:28');
INSERT INTO `Comment` (commentID, createdBy, forumID, createdAt) VALUES (23, 5, 32, '2024-02-13 06:29:58');
INSERT INTO `Comment` (commentID, createdBy, forumID, createdAt) VALUES (24, 116, 21, '2024-02-01 19:18:16');
INSERT INTO `Comment` (commentID, createdBy, forumID, createdAt) VALUES (25, 133, 24, '2024-01-31 02:59:27');
INSERT INTO `Comment` (commentID, createdBy, forumID, createdAt) VALUES (26, 101, 31, '2024-09-02 00:38:23');
INSERT INTO `Comment` (commentID, createdBy, forumID, createdAt) VALUES (27, 70, 20, '2024-04-06 20:10:07');
INSERT INTO `Comment` (commentID, createdBy, forumID, createdAt) VALUES (28, 109, 32, '2024-01-09 19:45:48');
INSERT INTO `Comment` (commentID, createdBy, forumID, createdAt) VALUES (29, 79, 27, '2024-03-15 04:22:39');
INSERT INTO `Comment` (commentID, createdBy, forumID, createdAt) VALUES (30, 47, 11, '2024-04-21 11:13:15');
INSERT INTO `Comment` (commentID, createdBy, forumID, createdAt) VALUES (31, 113, 17, '2024-06-13 21:47:22');
INSERT INTO `Comment` (commentID, createdBy, forumID, createdAt) VALUES (32, 93, 21, '2024-07-18 21:30:09');
INSERT INTO `Comment` (commentID, createdBy, forumID, createdAt) VALUES (33, 9, 32, '2024-06-26 03:27:15');
INSERT INTO `Comment` (commentID, createdBy, forumID, createdAt) VALUES (34, 103, 7, '2024-10-12 18:38:01');
INSERT INTO `Comment` (commentID, createdBy, forumID, createdAt) VALUES (35, 33, 20, '2024-08-24 15:54:08');
INSERT INTO `Comment` (commentID, createdBy, forumID, createdAt) VALUES (36, 63, 26, '2024-05-26 02:36:39');
INSERT INTO `Comment` (commentID, createdBy, forumID, createdAt) VALUES (37, 125, 19, '2024-07-26 16:42:10');
INSERT INTO `Comment` (commentID, createdBy, forumID, createdAt) VALUES (38, 131, 21, '2024-07-05 19:05:32');
INSERT INTO `Comment` (commentID, createdBy, forumID, createdAt) VALUES (39, 3, 21, '2024-09-12 01:18:12');
INSERT INTO `Comment` (commentID, createdBy, forumID, createdAt) VALUES (40, 10, 9, '2024-10-08 20:11:53');

-- Sample Data for DailySummary Table
INSERT INTO `DailySummary` (summaryID, jobID, applicationID, discussionID, notify) VALUES (1, 31, 11, 26, 7);
INSERT INTO `DailySummary` (summaryID, jobID, applicationID, discussionID, notify) VALUES (2, 25, 21, 33, 72);
INSERT INTO `DailySummary` (summaryID, jobID, applicationID, discussionID, notify) VALUES (3, 23, 11, 3, 134);
INSERT INTO `DailySummary` (summaryID, jobID, applicationID, discussionID, notify) VALUES (4, 2, 7, 9, 113);
INSERT INTO `DailySummary` (summaryID, jobID, applicationID, discussionID, notify) VALUES (5, 31, 21, 26, 81);
INSERT INTO `DailySummary` (summaryID, jobID, applicationID, discussionID, notify) VALUES (6, 9, 28, 38, 56);
INSERT INTO `DailySummary` (summaryID, jobID, applicationID, discussionID, notify) VALUES (7, 20, 31, 31, 121);
INSERT INTO `DailySummary` (summaryID, jobID, applicationID, discussionID, notify) VALUES (8, 19, 22, 15, 13);
INSERT INTO `DailySummary` (summaryID, jobID, applicationID, discussionID, notify) VALUES (9, 32, 2, 38, 89);
INSERT INTO `DailySummary` (summaryID, jobID, applicationID, discussionID, notify) VALUES (10, 36, 13, 22, 87);
INSERT INTO `DailySummary` (summaryID, jobID, applicationID, discussionID, notify) VALUES (11, 5, 18, 16, 31);
INSERT INTO `DailySummary` (summaryID, jobID, applicationID, discussionID, notify) VALUES (12, 36, 21, 14, 47);
INSERT INTO `DailySummary` (summaryID, jobID, applicationID, discussionID, notify) VALUES (13, 2, 24, 7, 31);
INSERT INTO `DailySummary` (summaryID, jobID, applicationID, discussionID, notify) VALUES (14, 1, 8, 17, 14);
INSERT INTO `DailySummary` (summaryID, jobID, applicationID, discussionID, notify) VALUES (15, 23, 15, 24, 77);
INSERT INTO `DailySummary` (summaryID, jobID, applicationID, discussionID, notify) VALUES (16, 2, 7, 1, 8);
INSERT INTO `DailySummary` (summaryID, jobID, applicationID, discussionID, notify) VALUES (17, 12, 4, 3, 89);
INSERT INTO `DailySummary` (summaryID, jobID, applicationID, discussionID, notify) VALUES (18, 22, 3, 40, 128);
INSERT INTO `DailySummary` (summaryID, jobID, applicationID, discussionID, notify) VALUES (19, 9, 16, 5, 100);
INSERT INTO `DailySummary` (summaryID, jobID, applicationID, discussionID, notify) VALUES (20, 36, 25, 31, 133);
INSERT INTO `DailySummary` (summaryID, jobID, applicationID, discussionID, notify) VALUES (21, 16, 18, 28, 122);
INSERT INTO `DailySummary` (summaryID, jobID, applicationID, discussionID, notify) VALUES (22, 37, 26, 24, 52);
INSERT INTO `DailySummary` (summaryID, jobID, applicationID, discussionID, notify) VALUES (23, 16, 22, 23, 60);
INSERT INTO `DailySummary` (summaryID, jobID, applicationID, discussionID, notify) VALUES (24, 5, 12, 4, 125);
INSERT INTO `DailySummary` (summaryID, jobID, applicationID, discussionID, notify) VALUES (25, 31, 39, 20, 129);
INSERT INTO `DailySummary` (summaryID, jobID, applicationID, discussionID, notify) VALUES (26, 34, 6, 4, 39);
INSERT INTO `DailySummary` (summaryID, jobID, applicationID, discussionID, notify) VALUES (27, 37, 16, 19, 75);
INSERT INTO `DailySummary` (summaryID, jobID, applicationID, discussionID, notify) VALUES (28, 14, 28, 11, 117);
INSERT INTO `DailySummary` (summaryID, jobID, applicationID, discussionID, notify) VALUES (29, 1, 35, 5, 78);
INSERT INTO `DailySummary` (summaryID, jobID, applicationID, discussionID, notify) VALUES (30, 9, 27, 6, 129);
INSERT INTO `DailySummary` (summaryID, jobID, applicationID, discussionID, notify) VALUES (31, 20, 10, 25, 54);
INSERT INTO `DailySummary` (summaryID, jobID, applicationID, discussionID, notify) VALUES (32, 14, 37, 18, 116);
INSERT INTO `DailySummary` (summaryID, jobID, applicationID, discussionID, notify) VALUES (33, 27, 32, 33, 132);
INSERT INTO `DailySummary` (summaryID, jobID, applicationID, discussionID, notify) VALUES (34, 24, 29, 26, 41);
INSERT INTO `DailySummary` (summaryID, jobID, applicationID, discussionID, notify) VALUES (35, 10, 34, 30, 89);
INSERT INTO `DailySummary` (summaryID, jobID, applicationID, discussionID, notify) VALUES (36, 27, 23, 27, 24);
INSERT INTO `DailySummary` (summaryID, jobID, applicationID, discussionID, notify) VALUES (37, 22, 20, 24, 11);
INSERT INTO `DailySummary` (summaryID, jobID, applicationID, discussionID, notify) VALUES (38, 14, 15, 1, 41);
INSERT INTO `DailySummary` (summaryID, jobID, applicationID, discussionID, notify) VALUES (39, 3, 24, 11, 124);
INSERT INTO `DailySummary` (summaryID, jobID, applicationID, discussionID, notify) VALUES (40, 15, 10, 31, 71);

-- Sample Data for ActivityLog Table
INSERT INTO `ActivityLog` (activityID, logTime, userID, activityType) VALUES (1, '2024-08-25 02:23:59', 129, 'logout');
INSERT INTO `ActivityLog` (activityID, logTime, userID, activityType) VALUES (2, '2024-01-20 12:07:59', 21, 'update');
INSERT INTO `ActivityLog` (activityID, logTime, userID, activityType) VALUES (3, '2024-04-13 03:37:05', 54, 'delete');
INSERT INTO `ActivityLog` (activityID, logTime, userID, activityType) VALUES (4, '2024-03-04 14:09:54', 107, 'logout');
INSERT INTO `ActivityLog` (activityID, logTime, userID, activityType) VALUES (5, '2024-08-04 02:03:54', 93, 'update');
INSERT INTO `ActivityLog` (activityID, logTime, userID, activityType) VALUES (6, '2024-05-05 11:39:26', 32, 'update');
INSERT INTO `ActivityLog` (activityID, logTime, userID, activityType) VALUES (7, '2024-08-26 23:49:44', 45, 'login');
INSERT INTO `ActivityLog` (activityID, logTime, userID, activityType) VALUES (8, '2024-10-15 11:44:18', 46, 'login');
INSERT INTO `ActivityLog` (activityID, logTime, userID, activityType) VALUES (9, '2024-05-03 18:06:01', 41, 'update');
INSERT INTO `ActivityLog` (activityID, logTime, userID, activityType) VALUES (10, '2024-02-15 22:11:54', 55, 'update');
INSERT INTO `ActivityLog` (activityID, logTime, userID, activityType) VALUES (11, '2024-02-22 21:55:20', 61, 'logout');
INSERT INTO `ActivityLog` (activityID, logTime, userID, activityType) VALUES (12, '2024-08-30 14:44:00', 13, 'login');
INSERT INTO `ActivityLog` (activityID, logTime, userID, activityType) VALUES (13, '2024-04-26 18:23:02', 113, 'delete');
INSERT INTO `ActivityLog` (activityID, logTime, userID, activityType) VALUES (14, '2024-08-19 22:10:53', 101, 'update');
INSERT INTO `ActivityLog` (activityID, logTime, userID, activityType) VALUES (15, '2024-02-08 19:36:20', 109, 'delete');
INSERT INTO `ActivityLog` (activityID, logTime, userID, activityType) VALUES (16, '2024-09-09 06:23:29', 97, 'logout');
INSERT INTO `ActivityLog` (activityID, logTime, userID, activityType) VALUES (17, '2024-11-15 23:46:58', 5, 'login');
INSERT INTO `ActivityLog` (activityID, logTime, userID, activityType) VALUES (18, '2024-10-28 23:17:50', 126, 'login');
INSERT INTO `ActivityLog` (activityID, logTime, userID, activityType) VALUES (19, '2024-10-03 10:32:12', 108, 'logout');
INSERT INTO `ActivityLog` (activityID, logTime, userID, activityType) VALUES (20, '2024-05-06 14:10:08', 131, 'login');
INSERT INTO `ActivityLog` (activityID, logTime, userID, activityType) VALUES (21, '2024-03-27 14:31:34', 137, 'logout');
INSERT INTO `ActivityLog` (activityID, logTime, userID, activityType) VALUES (22, '2024-05-05 04:15:35', 14, 'logout');
INSERT INTO `ActivityLog` (activityID, logTime, userID, activityType) VALUES (23, '2024-09-15 19:25:06', 13, 'logout');
INSERT INTO `ActivityLog` (activityID, logTime, userID, activityType) VALUES (24, '2024-07-01 14:59:20', 99, 'logout');
INSERT INTO `ActivityLog` (activityID, logTime, userID, activityType) VALUES (25, '2024-10-22 15:06:30', 121, 'delete');
INSERT INTO `ActivityLog` (activityID, logTime, userID, activityType) VALUES (26, '2024-07-21 19:15:01', 131, 'update');
INSERT INTO `ActivityLog` (activityID, logTime, userID, activityType) VALUES (27, '2024-03-15 23:25:48', 86, 'delete');
INSERT INTO `ActivityLog` (activityID, logTime, userID, activityType) VALUES (28, '2024-04-17 00:57:05', 111, 'update');
INSERT INTO `ActivityLog` (activityID, logTime, userID, activityType) VALUES (29, '2024-05-13 00:02:49', 119, 'update');
INSERT INTO `ActivityLog` (activityID, logTime, userID, activityType) VALUES (30, '2024-01-15 13:02:53', 5, 'update');
INSERT INTO `ActivityLog` (activityID, logTime, userID, activityType) VALUES (31, '2024-09-05 22:05:38', 139, 'delete');
INSERT INTO `ActivityLog` (activityID, logTime, userID, activityType) VALUES (32, '2024-09-26 23:55:34', 108, 'delete');
INSERT INTO `ActivityLog` (activityID, logTime, userID, activityType) VALUES (33, '2024-11-20 14:09:48', 111, 'update');
INSERT INTO `ActivityLog` (activityID, logTime, userID, activityType) VALUES (34, '2024-10-21 04:19:07', 126, 'update');
INSERT INTO `ActivityLog` (activityID, logTime, userID, activityType) VALUES (35, '2024-06-06 20:51:32', 8, 'logout');
INSERT INTO `ActivityLog` (activityID, logTime, userID, activityType) VALUES (36, '2024-06-06 03:38:52', 8, 'logout');
INSERT INTO `ActivityLog` (activityID, logTime, userID, activityType) VALUES (37, '2024-02-16 12:06:51', 115, 'delete');
INSERT INTO `ActivityLog` (activityID, logTime, userID, activityType) VALUES (38, '2024-01-06 10:48:23', 107, 'logout');
INSERT INTO `ActivityLog` (activityID, logTime, userID, activityType) VALUES (39, '2024-04-23 02:25:46', 125, 'login');
INSERT INTO `ActivityLog` (activityID, logTime, userID, activityType) VALUES (40, '2024-07-18 21:11:50', 24, 'logout');

-- Sample Data for ContentFlag Table
INSERT INTO `ContentFlag` (flagID, contentID, timestamp, reason, status) VALUES (1, 37, '2024-06-30 22:54:47', 'Leg suffer could authority cause keep.', 'resolved');
INSERT INTO `ContentFlag` (flagID, contentID, timestamp, reason, status) VALUES (2, 19, '2024-03-13 16:26:22', 'Pressure open yes gun part.', 'active');
INSERT INTO `ContentFlag` (flagID, contentID, timestamp, reason, status) VALUES (3, 34, '2024-09-03 16:37:48', 'Alone listen take.', 'active');
INSERT INTO `ContentFlag` (flagID, contentID, timestamp, reason, status) VALUES (4, 23, '2024-05-16 09:06:41', 'Do character fly.', 'resolved');
INSERT INTO `ContentFlag` (flagID, contentID, timestamp, reason, status) VALUES (5, 14, '2024-04-28 05:15:37', 'Industry rock power herself head this.', 'resolved');
INSERT INTO `ContentFlag` (flagID, contentID, timestamp, reason, status) VALUES (6, 29, '2024-09-14 10:36:53', 'Value at staff.', 'active');
INSERT INTO `ContentFlag` (flagID, contentID, timestamp, reason, status) VALUES (7, 38, '2024-10-10 22:04:48', 'Order stop leg high fact.', 'resolved');
INSERT INTO `ContentFlag` (flagID, contentID, timestamp, reason, status) VALUES (8, 9, '2024-04-11 21:23:27', 'Politics concern share sea reveal.', 'resolved');
INSERT INTO `ContentFlag` (flagID, contentID, timestamp, reason, status) VALUES (9, 29, '2024-09-24 10:34:21', 'Program shoulder good.', 'resolved');
INSERT INTO `ContentFlag` (flagID, contentID, timestamp, reason, status) VALUES (10, 13, '2024-07-09 18:57:56', 'Style beautiful indicate voice.', 'active');
INSERT INTO `ContentFlag` (flagID, contentID, timestamp, reason, status) VALUES (11, 10, '2024-04-17 13:48:44', 'Exactly outside easy thought tough.', 'resolved');
INSERT INTO `ContentFlag` (flagID, contentID, timestamp, reason, status) VALUES (12, 36, '2024-03-04 01:07:08', 'Son for yeah check among.', 'active');
INSERT INTO `ContentFlag` (flagID, contentID, timestamp, reason, status) VALUES (13, 14, '2024-06-03 22:14:07', 'Base life future leader adult.', 'active');
INSERT INTO `ContentFlag` (flagID, contentID, timestamp, reason, status) VALUES (14, 21, '2024-11-18 23:01:37', 'Talk protect moment.', 'active');
INSERT INTO `ContentFlag` (flagID, contentID, timestamp, reason, status) VALUES (15, 31, '2024-10-13 06:52:01', 'Recent since put after program tend.', 'active');
INSERT INTO `ContentFlag` (flagID, contentID, timestamp, reason, status) VALUES (16, 9, '2024-04-03 04:00:54', 'Rock professional scene late.', 'resolved');
INSERT INTO `ContentFlag` (flagID, contentID, timestamp, reason, status) VALUES (17, 27, '2024-10-02 13:08:53', 'Bank teach agree star see.', 'active');
INSERT INTO `ContentFlag` (flagID, contentID, timestamp, reason, status) VALUES (18, 7, '2024-01-20 04:13:14', 'Senior feeling security us surface unit.', 'resolved');
INSERT INTO `ContentFlag` (flagID, contentID, timestamp, reason, status) VALUES (19, 2, '2024-10-14 06:57:11', 'Under phone difficult none start without.', 'active');
INSERT INTO `ContentFlag` (flagID, contentID, timestamp, reason, status) VALUES (20, 17, '2024-10-08 03:10:29', 'Trouble movement shoulder however form.', 'active');
INSERT INTO `ContentFlag` (flagID, contentID, timestamp, reason, status) VALUES (21, 34, '2024-03-12 08:17:57', 'Field positive likely.', 'resolved');
INSERT INTO `ContentFlag` (flagID, contentID, timestamp, reason, status) VALUES (22, 5, '2024-05-24 00:39:40', 'Then wind goal management all at.', 'resolved');
INSERT INTO `ContentFlag` (flagID, contentID, timestamp, reason, status) VALUES (23, 6, '2024-05-14 10:21:05', 'Final street here student report north.', 'resolved');
INSERT INTO `ContentFlag` (flagID, contentID, timestamp, reason, status) VALUES (24, 6, '2024-07-25 04:44:38', 'Right side the film.', 'resolved');
INSERT INTO `ContentFlag` (flagID, contentID, timestamp, reason, status) VALUES (25, 1, '2024-03-17 08:50:38', 'Artist professor last animal watch red.', 'active');
INSERT INTO `ContentFlag` (flagID, contentID, timestamp, reason, status) VALUES (26, 16, '2024-08-07 01:51:47', 'Vote media kind issue too best.', 'resolved');
INSERT INTO `ContentFlag` (flagID, contentID, timestamp, reason, status) VALUES (27, 24, '2024-10-19 19:13:34', 'Newspaper nature fire from.', 'active');
INSERT INTO `ContentFlag` (flagID, contentID, timestamp, reason, status) VALUES (28, 7, '2024-06-05 10:27:55', 'Far often eight.', 'active');
INSERT INTO `ContentFlag` (flagID, contentID, timestamp, reason, status) VALUES (29, 34, '2024-05-09 19:59:54', 'Book develop prevent act write.', 'active');
INSERT INTO `ContentFlag` (flagID, contentID, timestamp, reason, status) VALUES (30, 34, '2024-09-05 18:11:02', 'Easy control inside quite movie.', 'resolved');
INSERT INTO `ContentFlag` (flagID, contentID, timestamp, reason, status) VALUES (31, 29, '2024-02-29 13:56:15', 'Road future article.', 'resolved');
INSERT INTO `ContentFlag` (flagID, contentID, timestamp, reason, status) VALUES (32, 9, '2024-10-14 14:14:28', 'Away difficult design year center.', 'resolved');
INSERT INTO `ContentFlag` (flagID, contentID, timestamp, reason, status) VALUES (33, 23, '2024-03-11 06:56:13', 'Relate than work language fact.', 'resolved');
INSERT INTO `ContentFlag` (flagID, contentID, timestamp, reason, status) VALUES (34, 40, '2024-01-08 11:16:48', 'Tree scene citizen have.', 'active');
INSERT INTO `ContentFlag` (flagID, contentID, timestamp, reason, status) VALUES (35, 2, '2024-02-10 07:57:07', 'Letter gun road billion.', 'active');
INSERT INTO `ContentFlag` (flagID, contentID, timestamp, reason, status) VALUES (36, 5, '2024-11-15 17:49:09', 'Contain alone leave full.', 'active');
INSERT INTO `ContentFlag` (flagID, contentID, timestamp, reason, status) VALUES (37, 16, '2024-06-21 11:26:36', 'Indicate onto item.', 'resolved');
INSERT INTO `ContentFlag` (flagID, contentID, timestamp, reason, status) VALUES (38, 30, '2024-01-17 08:50:24', 'Apply civil hour history.', 'resolved');
INSERT INTO `ContentFlag` (flagID, contentID, timestamp, reason, status) VALUES (39, 21, '2024-11-12 03:49:01', 'Age least century discussion.', 'active');
INSERT INTO `ContentFlag` (flagID, contentID, timestamp, reason, status) VALUES (40, 12, '2024-03-20 14:48:42', 'Tough kind case ability.', 'resolved');

-- Sample Data for SecurityLog Table
INSERT INTO `SecurityLog` (logID, actionType, userID, timestamp, status) VALUES (1, 'login attempt', 37, '2024-11-07 12:42:11', 'failure');
INSERT INTO `SecurityLog` (logID, actionType, userID, timestamp, status) VALUES (2, 'password reset', 78, '2024-01-20 05:59:45', 'failure');
INSERT INTO `SecurityLog` (logID, actionType, userID, timestamp, status) VALUES (3, 'login attempt', 136, '2024-09-24 12:53:45', 'success');
INSERT INTO `SecurityLog` (logID, actionType, userID, timestamp, status) VALUES (4, 'password reset', 116, '2024-05-23 16:54:03', 'success');
INSERT INTO `SecurityLog` (logID, actionType, userID, timestamp, status) VALUES (5, 'password reset', 78, '2024-11-08 14:40:02', 'failure');
INSERT INTO `SecurityLog` (logID, actionType, userID, timestamp, status) VALUES (6, 'login attempt', 98, '2024-06-02 12:26:22', 'success');
INSERT INTO `SecurityLog` (logID, actionType, userID, timestamp, status) VALUES (7, 'password reset', 95, '2024-11-22 09:15:24', 'failure');
INSERT INTO `SecurityLog` (logID, actionType, userID, timestamp, status) VALUES (8, 'password reset', 15, '2024-05-12 04:41:11', 'failure');
INSERT INTO `SecurityLog` (logID, actionType, userID, timestamp, status) VALUES (9, 'password reset', 112, '2024-04-25 01:52:15', 'failure');
INSERT INTO `SecurityLog` (logID, actionType, userID, timestamp, status) VALUES (10, 'login attempt', 132, '2024-07-03 07:23:44', 'success');
INSERT INTO `SecurityLog` (logID, actionType, userID, timestamp, status) VALUES (11, 'password reset', 65, '2024-09-23 00:03:43', 'failure');
INSERT INTO `SecurityLog` (logID, actionType, userID, timestamp, status) VALUES (12, 'password reset', 127, '2024-07-26 04:52:42', 'success');
INSERT INTO `SecurityLog` (logID, actionType, userID, timestamp, status) VALUES (13, 'login attempt', 61, '2024-07-13 08:09:37', 'success');
INSERT INTO `SecurityLog` (logID, actionType, userID, timestamp, status) VALUES (14, 'login attempt', 29, '2024-11-09 15:12:40', 'success');
INSERT INTO `SecurityLog` (logID, actionType, userID, timestamp, status) VALUES (15, 'password reset', 64, '2024-08-20 14:11:51', 'failure');
INSERT INTO `SecurityLog` (logID, actionType, userID, timestamp, status) VALUES (16, 'login attempt', 124, '2024-03-07 01:56:02', 'success');
INSERT INTO `SecurityLog` (logID, actionType, userID, timestamp, status) VALUES (17, 'password reset', 129, '2024-11-07 10:49:05', 'failure');
INSERT INTO `SecurityLog` (logID, actionType, userID, timestamp, status) VALUES (18, 'login attempt', 64, '2024-05-06 05:10:12', 'success');
INSERT INTO `SecurityLog` (logID, actionType, userID, timestamp, status) VALUES (19, 'login attempt', 34, '2024-06-13 20:07:04', 'failure');
INSERT INTO `SecurityLog` (logID, actionType, userID, timestamp, status) VALUES (20, 'login attempt', 38, '2024-01-26 16:58:37', 'success');
INSERT INTO `SecurityLog` (logID, actionType, userID, timestamp, status) VALUES (21, 'login attempt', 75, '2024-01-22 15:51:10', 'success');
INSERT INTO `SecurityLog` (logID, actionType, userID, timestamp, status) VALUES (22, 'password reset', 76, '2024-07-28 15:10:03', 'success');
INSERT INTO `SecurityLog` (logID, actionType, userID, timestamp, status) VALUES (23, 'password reset', 22, '2024-10-26 18:17:08', 'failure');
INSERT INTO `SecurityLog` (logID, actionType, userID, timestamp, status) VALUES (24, 'password reset', 21, '2024-01-16 05:14:02', 'success');
INSERT INTO `SecurityLog` (logID, actionType, userID, timestamp, status) VALUES (25, 'password reset', 100, '2024-05-11 23:08:27', 'failure');
INSERT INTO `SecurityLog` (logID, actionType, userID, timestamp, status) VALUES (26, 'login attempt', 123, '2024-08-07 21:52:07', 'success');
INSERT INTO `SecurityLog` (logID, actionType, userID, timestamp, status) VALUES (27, 'login attempt', 106, '2024-07-19 10:27:25', 'success');
INSERT INTO `SecurityLog` (logID, actionType, userID, timestamp, status) VALUES (28, 'password reset', 48, '2024-02-15 16:12:10', 'success');
INSERT INTO `SecurityLog` (logID, actionType, userID, timestamp, status) VALUES (29, 'login attempt', 106, '2024-05-15 16:02:19', 'success');
INSERT INTO `SecurityLog` (logID, actionType, userID, timestamp, status) VALUES (30, 'login attempt', 44, '2024-10-27 05:01:35', 'success');
INSERT INTO `SecurityLog` (logID, actionType, userID, timestamp, status) VALUES (31, 'password reset', 74, '2024-01-10 20:42:35', 'failure');
INSERT INTO `SecurityLog` (logID, actionType, userID, timestamp, status) VALUES (32, 'login attempt', 118, '2024-07-23 03:10:32', 'success');
INSERT INTO `SecurityLog` (logID, actionType, userID, timestamp, status) VALUES (33, 'password reset', 4, '2024-06-13 09:39:20', 'failure');
INSERT INTO `SecurityLog` (logID, actionType, userID, timestamp, status) VALUES (34, 'login attempt', 26, '2024-07-31 15:17:12', 'success');
INSERT INTO `SecurityLog` (logID, actionType, userID, timestamp, status) VALUES (35, 'login attempt', 3, '2024-02-03 04:57:47', 'failure');
INSERT INTO `SecurityLog` (logID, actionType, userID, timestamp, status) VALUES (36, 'password reset', 53, '2024-02-02 17:21:39', 'success');
INSERT INTO `SecurityLog` (logID, actionType, userID, timestamp, status) VALUES (37, 'password reset', 49, '2024-07-07 04:02:04', 'failure');
INSERT INTO `SecurityLog` (logID, actionType, userID, timestamp, status) VALUES (38, 'password reset', 110, '2024-04-29 22:38:36', 'success');
INSERT INTO `SecurityLog` (logID, actionType, userID, timestamp, status) VALUES (39, 'login attempt', 79, '2024-08-10 14:17:33', 'success');
INSERT INTO `SecurityLog` (logID, actionType, userID, timestamp, status) VALUES (40, 'login attempt', 7, '2024-03-26 22:20:40', 'success');

-- Sample Data for SystemAlert Table
INSERT INTO `SystemAlert` (alertID, alertType, typeID, description, timestamp, status, notifyAdmin, triggeredBy) VALUES 
(1, 'warning', NULL, 'System update required due to performance issues.', '2024-01-14 11:59:49', 'active', 41, 88),
(2, 'error', NULL, 'Database connection timeout during backup.', '2024-01-22 13:00:30', 'resolved', 42, 124),
(3, 'error', NULL, 'Unauthorized access attempt detected.', '2024-05-03 07:29:51', 'resolved', 43, 117),
(4, 'error', NULL, 'Critical security vulnerability discovered.', '2024-05-24 07:23:32', 'active', 44, 33),
(5, 'error', NULL, 'Failed login attempts exceeded limit.', '2024-09-02 01:53:30', 'resolved', 45, 31),
(6, 'warning', NULL, 'Server load nearing critical levels.', '2024-05-15 14:00:52', 'resolved', 46, 21),
(7, 'warning', NULL, 'Scheduled maintenance pending approval.', '2024-08-12 09:53:27', 'resolved', 47, 129),
(8, 'error', NULL, 'Data integrity issue in user records.', '2024-09-12 23:02:01', 'resolved', 48, 50),
(9, 'error', NULL, 'High latency detected in API response times.', '2024-10-30 07:10:51', 'active', 49, 34),
(10, 'error', NULL, 'Disk space critically low on server.', '2024-09-27 23:07:38', 'active', 50, 124),
(11, 'error', NULL, 'Memory leak detected in application process.', '2024-07-01 18:39:13', 'active', 51, 131),
(12, 'error', NULL, 'Session timeout settings not enforced.', '2024-02-27 20:38:36', 'active', 52, 98),
(13, 'warning', NULL, 'Pending approvals for user account deletions.', '2024-06-14 08:35:08', 'resolved', 53, 16),
(14, 'error', NULL, 'Malware detected in system scan.', '2024-06-23 21:41:44', 'active', 54, 9),
(15, 'error', NULL, 'Inconsistent audit trail logs.', '2024-07-12 14:59:27', 'active', 55, 118),
(16, 'warning', NULL, 'Software updates available for deployment.', '2024-03-11 01:40:13', 'active', 56, 34),
(17, 'warning', NULL, 'Invalid file uploads detected.', '2024-10-12 15:47:40', 'active', 57, 23),
(18, 'error', NULL, 'Service-level agreement violations logged.', '2024-10-01 16:09:26', 'active', 58, 57),
(19, 'warning', NULL, 'New security policies need user consent.', '2024-09-30 02:46:39', 'active', 59, 83),
(20, 'warning', NULL, 'Potential data breach investigation initiated.', '2024-04-30 17:04:24', 'resolved', 60, 72),
(21, 'error', NULL, 'System processes exceeding memory thresholds.', '2024-05-14 15:37:52', 'active', 61, 105),
(22, 'error', NULL, 'Unauthorized changes to system configurations.', '2024-05-03 15:00:03', 'active', 62, 11),
(23, 'error', NULL, 'API authentication failed for external service.', '2024-04-16 04:56:20', 'active', 63, 93),
(24, 'error', NULL, 'High number of orphaned database entries.', '2024-02-16 08:05:29', 'resolved', 64, 71),
(25, 'warning', NULL, 'User accounts with expired credentials found.', '2024-08-19 02:42:36', 'active', 65, 31),
(26, 'warning', NULL, 'Irregular login times for specific accounts.', '2024-05-29 23:18:40', 'resolved', 66, 135),
(27, 'warning', NULL, 'Unusual spike in user registration activity.', '2024-07-19 20:30:40', 'resolved', 67, 119),
(28, 'warning', NULL, 'Software dependency updates required.', '2024-07-28 04:01:06', 'resolved', 68, 81),
(29, 'warning', NULL, 'Malicious activity reported by threat detection.', '2024-01-07 05:58:57', 'active', 69, 80),
(30, 'error', NULL, 'Failed transaction records in payment system.', '2024-06-12 10:13:41', 'resolved', 70, 136),
(31, 'warning', NULL, 'Server response rates are slower than expected.', '2024-04-30 17:04:24', 'resolved', 71, 86),
(32, 'error', NULL, 'Connection issues with third-party API.', '2024-04-30 17:04:24', 'resolved', 72, 72),
(33, 'warning', NULL, 'Excessive API calls detected from a single IP.', '2024-04-30 17:04:24', 'resolved', 73, 93),
(34, 'error', NULL, 'Failed database replication.', '2024-04-30 17:04:24', 'resolved', 74, 43),
(35, 'warning', NULL, 'Suspicious changes in user account permissions.', '2024-04-30 17:04:24', 'resolved', 75, 57),
(36, 'error', NULL, 'Cross-site scripting vulnerability identified.', '2024-04-30 17:04:24', 'resolved', 76, 13),
(37, 'warning', NULL, 'Unoptimized query detected in analytics service.', '2024-04-30 17:04:24', 'resolved', 77, 50),
(38, 'error', NULL, 'Critical bug in user authentication module.', '2024-04-30 17:04:24', 'resolved', 78, 34),
(39, 'warning', NULL, 'Slow query execution in reporting database.', '2024-04-30 17:04:24', 'resolved', 79, 67),
(40, 'warning', NULL, 'Deprecated APIs still in use by third-party systems.', '2024-04-30 17:04:24', 'resolved', 80, 39);

-- Sample Data for PerformanceMetrics Table
INSERT INTO `PerformanceMetrics` (metricID, accessedBy, serverTime, responseTime, timestamp, memoryUsage, cpuUsage) VALUES (1, 25, 303, 149, '2024-11-12 06:10:04', 309, 13);
INSERT INTO `PerformanceMetrics` (metricID, accessedBy, serverTime, responseTime, timestamp, memoryUsage, cpuUsage) VALUES (2, 27, 372, 163, '2024-02-04 10:46:10', 389, 15);
INSERT INTO `PerformanceMetrics` (metricID, accessedBy, serverTime, responseTime, timestamp, memoryUsage, cpuUsage) VALUES (3, 6, 284, 161, '2024-05-17 17:20:38', 617, 24);
INSERT INTO `PerformanceMetrics` (metricID, accessedBy, serverTime, responseTime, timestamp, memoryUsage, cpuUsage) VALUES (4, 34, 363, 188, '2024-08-14 23:21:04', 480, 22);
INSERT INTO `PerformanceMetrics` (metricID, accessedBy, serverTime, responseTime, timestamp, memoryUsage, cpuUsage) VALUES (5, 33, 200, 102, '2024-11-24 07:13:54', 876, 12);
INSERT INTO `PerformanceMetrics` (metricID, accessedBy, serverTime, responseTime, timestamp, memoryUsage, cpuUsage) VALUES (6, 31, 346, 62, '2024-03-21 23:57:57', 134, 9);
INSERT INTO `PerformanceMetrics` (metricID, accessedBy, serverTime, responseTime, timestamp, memoryUsage, cpuUsage) VALUES (7, 12, 498, 121, '2024-06-03 16:49:27', 298, 28);
INSERT INTO `PerformanceMetrics` (metricID, accessedBy, serverTime, responseTime, timestamp, memoryUsage, cpuUsage) VALUES (8, 6, 296, 115, '2024-11-17 20:03:48', 229, 39);
INSERT INTO `PerformanceMetrics` (metricID, accessedBy, serverTime, responseTime, timestamp, memoryUsage, cpuUsage) VALUES (9, 2, 305, 71, '2024-07-04 03:21:01', 328, 13);
INSERT INTO `PerformanceMetrics` (metricID, accessedBy, serverTime, responseTime, timestamp, memoryUsage, cpuUsage) VALUES (10, 16, 260, 58, '2024-04-08 10:41:36', 875, 30);
INSERT INTO `PerformanceMetrics` (metricID, accessedBy, serverTime, responseTime, timestamp, memoryUsage, cpuUsage) VALUES (11, 11, 332, 173, '2024-08-08 09:01:15', 393, 10);
INSERT INTO `PerformanceMetrics` (metricID, accessedBy, serverTime, responseTime, timestamp, memoryUsage, cpuUsage) VALUES (12, 8, 377, 94, '2024-01-31 02:41:55', 651, 30);
INSERT INTO `PerformanceMetrics` (metricID, accessedBy, serverTime, responseTime, timestamp, memoryUsage, cpuUsage) VALUES (13, 36, 438, 159, '2024-10-31 02:06:34', 472, 28);
INSERT INTO `PerformanceMetrics` (metricID, accessedBy, serverTime, responseTime, timestamp, memoryUsage, cpuUsage) VALUES (14, 32, 339, 141, '2024-09-11 19:21:27', 759, 38);
INSERT INTO `PerformanceMetrics` (metricID, accessedBy, serverTime, responseTime, timestamp, memoryUsage, cpuUsage) VALUES (15, 29, 198, 175, '2024-03-01 22:04:08', 227, 46);
INSERT INTO `PerformanceMetrics` (metricID, accessedBy, serverTime, responseTime, timestamp, memoryUsage, cpuUsage) VALUES (16, 22, 456, 167, '2024-03-08 16:49:47', 826, 30);
INSERT INTO `PerformanceMetrics` (metricID, accessedBy, serverTime, responseTime, timestamp, memoryUsage, cpuUsage) VALUES (17, 16, 203, 170, '2024-10-19 19:37:31', 321, 13);
INSERT INTO `PerformanceMetrics` (metricID, accessedBy, serverTime, responseTime, timestamp, memoryUsage, cpuUsage) VALUES (18, 4, 123, 138, '2024-06-13 13:30:44', 661, 8);
INSERT INTO `PerformanceMetrics` (metricID, accessedBy, serverTime, responseTime, timestamp, memoryUsage, cpuUsage) VALUES (19, 31, 482, 154, '2024-11-06 11:45:32', 636, 46);
INSERT INTO `PerformanceMetrics` (metricID, accessedBy, serverTime, responseTime, timestamp, memoryUsage, cpuUsage) VALUES (20, 2, 342, 85, '2024-08-10 09:27:41', 500, 38);
INSERT INTO `PerformanceMetrics` (metricID, accessedBy, serverTime, responseTime, timestamp, memoryUsage, cpuUsage) VALUES (21, 23, 216, 100, '2024-02-07 12:50:39', 969, 24);
INSERT INTO `PerformanceMetrics` (metricID, accessedBy, serverTime, responseTime, timestamp, memoryUsage, cpuUsage) VALUES (22, 12, 495, 97, '2024-08-26 15:53:18', 922, 23);
INSERT INTO `PerformanceMetrics` (metricID, accessedBy, serverTime, responseTime, timestamp, memoryUsage, cpuUsage) VALUES (23, 2, 177, 81, '2024-10-20 05:10:59', 862, 47);
INSERT INTO `PerformanceMetrics` (metricID, accessedBy, serverTime, responseTime, timestamp, memoryUsage, cpuUsage) VALUES (24, 31, 475, 79, '2024-04-22 06:47:39', 723, 24);
INSERT INTO `PerformanceMetrics` (metricID, accessedBy, serverTime, responseTime, timestamp, memoryUsage, cpuUsage) VALUES (25, 25, 210, 146, '2024-05-17 08:02:03', 877, 43);
INSERT INTO `PerformanceMetrics` (metricID, accessedBy, serverTime, responseTime, timestamp, memoryUsage, cpuUsage) VALUES (26, 36, 495, 79, '2024-07-21 14:54:34', 352, 13);
INSERT INTO `PerformanceMetrics` (metricID, accessedBy, serverTime, responseTime, timestamp, memoryUsage, cpuUsage) VALUES (27, 23, 412, 174, '2024-11-25 01:17:51', 527, 18);
INSERT INTO `PerformanceMetrics` (metricID, accessedBy, serverTime, responseTime, timestamp, memoryUsage, cpuUsage) VALUES (28, 12, 482, 199, '2024-05-29 04:05:15', 832, 19);
INSERT INTO `PerformanceMetrics` (metricID, accessedBy, serverTime, responseTime, timestamp, memoryUsage, cpuUsage) VALUES (29, 28, 430, 82, '2024-06-20 11:52:28', 210, 27);
INSERT INTO `PerformanceMetrics` (metricID, accessedBy, serverTime, responseTime, timestamp, memoryUsage, cpuUsage) VALUES (30, 32, 119, 171, '2024-09-24 05:43:25', 809, 18);
INSERT INTO `PerformanceMetrics` (metricID, accessedBy, serverTime, responseTime, timestamp, memoryUsage, cpuUsage) VALUES (31, 40, 497, 133, '2024-01-09 06:19:06', 870, 7);
INSERT INTO `PerformanceMetrics` (metricID, accessedBy, serverTime, responseTime, timestamp, memoryUsage, cpuUsage) VALUES (32, 9, 240, 122, '2024-10-14 23:05:51', 405, 47);
INSERT INTO `PerformanceMetrics` (metricID, accessedBy, serverTime, responseTime, timestamp, memoryUsage, cpuUsage) VALUES (33, 9, 259, 98, '2024-01-12 16:47:30', 931, 18);
INSERT INTO `PerformanceMetrics` (metricID, accessedBy, serverTime, responseTime, timestamp, memoryUsage, cpuUsage) VALUES (34, 30, 204, 169, '2024-04-29 05:39:54', 210, 6);
INSERT INTO `PerformanceMetrics` (metricID, accessedBy, serverTime, responseTime, timestamp, memoryUsage, cpuUsage) VALUES (35, 34, 491, 99, '2024-05-16 12:51:31', 217, 42);
INSERT INTO `PerformanceMetrics` (metricID, accessedBy, serverTime, responseTime, timestamp, memoryUsage, cpuUsage) VALUES (36, 27, 262, 72, '2024-11-09 08:02:42', 986, 42);
INSERT INTO `PerformanceMetrics` (metricID, accessedBy, serverTime, responseTime, timestamp, memoryUsage, cpuUsage) VALUES (37, 13, 439, 194, '2024-06-06 06:56:34', 501, 14);
INSERT INTO `PerformanceMetrics` (metricID, accessedBy, serverTime, responseTime, timestamp, memoryUsage, cpuUsage) VALUES (38, 3, 156, 139, '2024-09-11 13:00:43', 811, 47);
INSERT INTO `PerformanceMetrics` (metricID, accessedBy, serverTime, responseTime, timestamp, memoryUsage, cpuUsage) VALUES (39, 25, 490, 166, '2024-07-01 17:57:49', 521, 36);
INSERT INTO `PerformanceMetrics` (metricID, accessedBy, serverTime, responseTime, timestamp, memoryUsage, cpuUsage) VALUES (40, 4, 291, 164, '2024-06-27 01:07:50', 121, 39);

-- Sample Data for Maintenance Table
INSERT INTO `Maintenance` (maintenanceID, performedBy, status, startTime, endTime, description) VALUES (1, 24, 'completed', '2024-08-11 13:33:14', '2024-04-21 06:55:18', 'Can win less task environment hospital.');
INSERT INTO `Maintenance` (maintenanceID, performedBy, status, startTime, endTime, description) VALUES (2, 33, 'completed', '2024-04-15 10:15:36', '2024-08-16 20:29:21', 'Break instead senior student sport society difficult.');
INSERT INTO `Maintenance` (maintenanceID, performedBy, status, startTime, endTime, description) VALUES (3, 23, 'in progress', '2024-04-09 13:48:17', '2024-06-05 09:58:24', 'Tough capital guess nearly.');
INSERT INTO `Maintenance` (maintenanceID, performedBy, status, startTime, endTime, description) VALUES (4, 22, 'in progress', '2024-04-08 04:02:22', '2024-05-28 11:18:16', 'Group above out production issue.');
INSERT INTO `Maintenance` (maintenanceID, performedBy, status, startTime, endTime, description) VALUES (5, 36, 'in progress', '2024-03-23 07:48:35', '2024-09-28 12:59:12', 'Sometimes whom officer happy food magazine strong.');
INSERT INTO `Maintenance` (maintenanceID, performedBy, status, startTime, endTime, description) VALUES (6, 22, 'completed', '2024-06-28 12:25:57', '2024-09-12 04:14:09', 'Change tax fear success.');
INSERT INTO `Maintenance` (maintenanceID, performedBy, status, startTime, endTime, description) VALUES (7, 32, 'in progress', '2024-01-24 06:24:16', '2024-08-10 21:43:35', 'Morning give school see despite entire.');
INSERT INTO `Maintenance` (maintenanceID, performedBy, status, startTime, endTime, description) VALUES (8, 15, 'in progress', '2024-10-23 22:06:53', '2024-06-10 01:39:57', 'Change next know draw.');
INSERT INTO `Maintenance` (maintenanceID, performedBy, status, startTime, endTime, description) VALUES (9, 14, 'completed', '2024-07-25 01:10:51', '2024-03-28 08:23:42', 'Model mission animal easy factor to usually.');
INSERT INTO `Maintenance` (maintenanceID, performedBy, status, startTime, endTime, description) VALUES (10, 11, 'completed', '2024-01-31 11:47:56', '2024-04-02 00:02:07', 'Provide daughter animal decade recognize final without.');
INSERT INTO `Maintenance` (maintenanceID, performedBy, status, startTime, endTime, description) VALUES (11, 34, 'completed', '2024-10-15 08:07:59', '2024-04-10 07:38:04', 'Speak mind side fall.');
INSERT INTO `Maintenance` (maintenanceID, performedBy, status, startTime, endTime, description) VALUES (12, 17, 'in progress', '2024-11-09 03:04:33', '2024-11-16 14:55:55', 'Bag sport risk base.');
INSERT INTO `Maintenance` (maintenanceID, performedBy, status, startTime, endTime, description) VALUES (13, 23, 'completed', '2024-09-26 07:10:39', '2024-11-06 07:54:07', 'By last authority.');
INSERT INTO `Maintenance` (maintenanceID, performedBy, status, startTime, endTime, description) VALUES (14, 8, 'in progress', '2024-09-04 13:02:10', '2024-11-05 18:08:19', 'Attack use half.');
INSERT INTO `Maintenance` (maintenanceID, performedBy, status, startTime, endTime, description) VALUES (15, 2, 'in progress', '2024-04-26 14:12:40', '2024-07-29 15:48:53', 'Book building science.');
INSERT INTO `Maintenance` (maintenanceID, performedBy, status, startTime, endTime, description) VALUES (16, 19, 'in progress', '2024-02-25 07:35:50', '2024-07-29 06:47:50', 'Build recent son front strong situation agree.');
INSERT INTO `Maintenance` (maintenanceID, performedBy, status, startTime, endTime, description) VALUES (17, 35, 'completed', '2024-04-27 16:01:59', '2024-08-22 04:44:44', 'Success stock be but leader worker.');
INSERT INTO `Maintenance` (maintenanceID, performedBy, status, startTime, endTime, description) VALUES (18, 22, 'completed', '2024-04-03 15:10:12', '2024-07-23 03:16:08', 'Usually state hand off sign.');
INSERT INTO `Maintenance` (maintenanceID, performedBy, status, startTime, endTime, description) VALUES (19, 24, 'completed', '2024-01-10 20:12:29', '2024-01-26 16:51:11', 'Respond year product employee meet medical heavy.');
INSERT INTO `Maintenance` (maintenanceID, performedBy, status, startTime, endTime, description) VALUES (20, 16, 'completed', '2024-01-22 08:16:53', '2024-02-05 03:03:26', 'Science relationship understand history effort sell tough.');
INSERT INTO `Maintenance` (maintenanceID, performedBy, status, startTime, endTime, description) VALUES (21, 23, 'in progress', '2024-01-22 21:32:29', '2024-02-20 04:54:17', 'Hand involve I.');
INSERT INTO `Maintenance` (maintenanceID, performedBy, status, startTime, endTime, description) VALUES (22, 38, 'in progress', '2024-09-25 13:17:32', '2024-07-12 09:03:53', 'Someone model western create star.');
INSERT INTO `Maintenance` (maintenanceID, performedBy, status, startTime, endTime, description) VALUES (23, 24, 'in progress', '2024-04-29 20:58:20', '2024-10-20 22:26:03', 'I state window easy billion.');
INSERT INTO `Maintenance` (maintenanceID, performedBy, status, startTime, endTime, description) VALUES (24, 2, 'completed', '2024-04-30 09:07:30', '2024-05-24 06:35:16', 'Employee once suggest citizen.');
INSERT INTO `Maintenance` (maintenanceID, performedBy, status, startTime, endTime, description) VALUES (25, 27, 'completed', '2024-07-15 22:46:33', '2024-04-13 09:56:41', 'Able I concern recognize sit try part.');
INSERT INTO `Maintenance` (maintenanceID, performedBy, status, startTime, endTime, description) VALUES (26, 28, 'in progress', '2024-06-28 00:58:54', '2024-08-09 10:31:11', 'Tonight only attention point.');
INSERT INTO `Maintenance` (maintenanceID, performedBy, status, startTime, endTime, description) VALUES (27, 2, 'in progress', '2024-01-19 07:57:58', '2024-05-11 08:28:18', 'Trip rest many heavy material.');
INSERT INTO `Maintenance` (maintenanceID, performedBy, status, startTime, endTime, description) VALUES (28, 6, 'in progress', '2024-05-16 20:08:59', '2024-04-06 01:23:36', 'About camera for occur west.');
INSERT INTO `Maintenance` (maintenanceID, performedBy, status, startTime, endTime, description) VALUES (29, 17, 'completed', '2024-11-20 09:58:38', '2024-06-20 03:28:08', 'Apply career almost least article page.');
INSERT INTO `Maintenance` (maintenanceID, performedBy, status, startTime, endTime, description) VALUES (30, 39, 'in progress', '2024-08-04 22:04:20', '2024-10-11 05:43:45', 'Ball audience decision Republican start speak know.');
INSERT INTO `Maintenance` (maintenanceID, performedBy, status, startTime, endTime, description) VALUES (31, 40, 'in progress', '2024-07-12 21:45:28', '2024-10-01 09:24:01', 'Movement town wrong wonder past.');
INSERT INTO `Maintenance` (maintenanceID, performedBy, status, startTime, endTime, description) VALUES (32, 29, 'in progress', '2024-01-10 11:29:50', '2024-02-18 11:17:16', 'Machine lead letter themselves attorney these fear.');
INSERT INTO `Maintenance` (maintenanceID, performedBy, status, startTime, endTime, description) VALUES (33, 33, 'completed', '2024-08-23 07:29:07', '2024-07-23 01:07:48', 'Economy culture soldier color.');
INSERT INTO `Maintenance` (maintenanceID, performedBy, status, startTime, endTime, description) VALUES (34, 7, 'in progress', '2024-09-23 03:28:25', '2024-07-19 19:32:22', 'Where here also not we wife serious.');
INSERT INTO `Maintenance` (maintenanceID, performedBy, status, startTime, endTime, description) VALUES (35, 27, 'in progress', '2024-06-12 20:39:14', '2024-01-18 00:35:25', 'Weight during along loss.');
INSERT INTO `Maintenance` (maintenanceID, performedBy, status, startTime, endTime, description) VALUES (36, 33, 'completed', '2024-01-28 08:22:58', '2024-06-17 06:16:34', 'Board these event two task.');
INSERT INTO `Maintenance` (maintenanceID, performedBy, status, startTime, endTime, description) VALUES (37, 16, 'completed', '2024-05-18 17:17:00', '2024-04-21 09:45:01', 'Travel play remain meeting see garden day as.');
INSERT INTO `Maintenance` (maintenanceID, performedBy, status, startTime, endTime, description) VALUES (38, 31, 'in progress', '2024-05-27 17:29:48', '2024-01-07 21:23:46', 'Experience by ten.');
INSERT INTO `Maintenance` (maintenanceID, performedBy, status, startTime, endTime, description) VALUES (39, 30, 'in progress', '2024-03-17 08:50:46', '2024-09-21 01:26:05', 'Language decision explain tough Republican practice teacher.');
INSERT INTO `Maintenance` (maintenanceID, performedBy, status, startTime, endTime, description) VALUES (40, 10, 'in progress', '2024-07-25 02:25:51', '2024-02-05 13:47:29', 'Network field as couple cost begin today.');

-- Sample Data for AuditLog Table
INSERT INTO `AuditLog` (auditLogID, performedBy, actionType, timestamp, changes) VALUES (1, 30, 'update', '2024-06-08 16:30:29', 'Purpose most pressure green when field region notice impact difference.');
INSERT INTO `AuditLog` (auditLogID, performedBy, actionType, timestamp, changes) VALUES (2, 34, 'update', '2024-01-04 08:19:18', 'Answer recently one defense again message painting.');
INSERT INTO `AuditLog` (auditLogID, performedBy, actionType, timestamp, changes) VALUES (3, 32, 'delete', '2024-09-28 12:54:36', 'Son star room already ready story seven pretty wonder about painting.');
INSERT INTO `AuditLog` (auditLogID, performedBy, actionType, timestamp, changes) VALUES (4, 39, 'delete', '2024-08-22 07:06:36', 'Garden idea much behind hotel quickly current war explain.');
INSERT INTO `AuditLog` (auditLogID, performedBy, actionType, timestamp, changes) VALUES (5, 17, 'update', '2024-08-05 18:09:25', 'Meeting appear commercial always amount interview.');
INSERT INTO `AuditLog` (auditLogID, performedBy, actionType, timestamp, changes) VALUES (6, 13, 'insert', '2024-09-14 12:18:20', 'Off should assume be make military hope couple reduce everything million.');
INSERT INTO `AuditLog` (auditLogID, performedBy, actionType, timestamp, changes) VALUES (7, 36, 'update', '2024-05-19 15:00:34', 'Seek white successful fire new wind.');
INSERT INTO `AuditLog` (auditLogID, performedBy, actionType, timestamp, changes) VALUES (8, 33, 'delete', '2024-05-05 21:36:41', 'Production today nearly than light color.');
INSERT INTO `AuditLog` (auditLogID, performedBy, actionType, timestamp, changes) VALUES (9, 36, 'insert', '2024-04-12 10:17:35', 'Official through thank market black.');
INSERT INTO `AuditLog` (auditLogID, performedBy, actionType, timestamp, changes) VALUES (10, 12, 'delete', '2024-11-08 07:33:15', 'Admit forward than democratic record.');
INSERT INTO `AuditLog` (auditLogID, performedBy, actionType, timestamp, changes) VALUES (11, 6, 'update', '2024-01-30 00:02:00', 'Around city bring response west someone paper become test.');
INSERT INTO `AuditLog` (auditLogID, performedBy, actionType, timestamp, changes) VALUES (12, 28, 'delete', '2024-07-28 17:28:35', 'Civil shoulder second another power surface make serve source.');
INSERT INTO `AuditLog` (auditLogID, performedBy, actionType, timestamp, changes) VALUES (13, 35, 'update', '2024-04-06 09:15:57', 'Half determine your study produce laugh.');
INSERT INTO `AuditLog` (auditLogID, performedBy, actionType, timestamp, changes) VALUES (14, 35, 'update', '2024-05-14 05:23:32', 'Discover morning very energy Mrs name.');
INSERT INTO `AuditLog` (auditLogID, performedBy, actionType, timestamp, changes) VALUES (15, 21, 'delete', '2024-10-15 11:31:40', 'Pass enough you lose capital mind throw couple garden.');
INSERT INTO `AuditLog` (auditLogID, performedBy, actionType, timestamp, changes) VALUES (16, 12, 'insert', '2024-08-12 08:32:26', 'Such not feel trouble game ago prevent service.');
INSERT INTO `AuditLog` (auditLogID, performedBy, actionType, timestamp, changes) VALUES (17, 24, 'insert', '2024-10-30 22:59:54', 'Argue perhaps listen guy type even.');
INSERT INTO `AuditLog` (auditLogID, performedBy, actionType, timestamp, changes) VALUES (18, 11, 'delete', '2024-06-29 14:02:49', 'Glass until rule other long son type year.');
INSERT INTO `AuditLog` (auditLogID, performedBy, actionType, timestamp, changes) VALUES (19, 32, 'update', '2024-10-22 21:09:28', 'Son eight positive Mr team.');
INSERT INTO `AuditLog` (auditLogID, performedBy, actionType, timestamp, changes) VALUES (20, 24, 'update', '2024-08-27 11:37:15', 'Trouble current smile ok effort around mean vote reveal.');
INSERT INTO `AuditLog` (auditLogID, performedBy, actionType, timestamp, changes) VALUES (21, 5, 'insert', '2024-10-29 09:11:08', 'Board instead blood name bill thus team.');
INSERT INTO `AuditLog` (auditLogID, performedBy, actionType, timestamp, changes) VALUES (22, 10, 'insert', '2024-09-03 01:59:49', 'Space team board Mrs activity kid.');
INSERT INTO `AuditLog` (auditLogID, performedBy, actionType, timestamp, changes) VALUES (23, 37, 'insert', '2024-08-04 22:57:26', 'Tv foot author own toward.');
INSERT INTO `AuditLog` (auditLogID, performedBy, actionType, timestamp, changes) VALUES (24, 39, 'delete', '2024-05-04 14:08:44', 'Picture leader position believe.');
INSERT INTO `AuditLog` (auditLogID, performedBy, actionType, timestamp, changes) VALUES (25, 39, 'delete', '2024-08-01 17:06:58', 'Whole age partner ten positive enough smile within.');
INSERT INTO `AuditLog` (auditLogID, performedBy, actionType, timestamp, changes) VALUES (26, 32, 'insert', '2024-01-09 10:46:08', 'Miss focus artist task authority.');
INSERT INTO `AuditLog` (auditLogID, performedBy, actionType, timestamp, changes) VALUES (27, 3, 'delete', '2024-02-11 12:21:30', 'Get shoulder system life season so.');
INSERT INTO `AuditLog` (auditLogID, performedBy, actionType, timestamp, changes) VALUES (28, 26, 'delete', '2024-02-23 16:38:16', 'Suffer or risk every together performance list national.');
INSERT INTO `AuditLog` (auditLogID, performedBy, actionType, timestamp, changes) VALUES (29, 18, 'delete', '2024-02-16 23:53:39', 'How toward note police bring wait art arm.');
INSERT INTO `AuditLog` (auditLogID, performedBy, actionType, timestamp, changes) VALUES (30, 18, 'delete', '2024-08-23 09:17:20', 'Feel manager finally such agent.');
INSERT INTO `AuditLog` (auditLogID, performedBy, actionType, timestamp, changes) VALUES (31, 29, 'update', '2024-07-11 09:47:01', 'As explain create fine they run floor beyond operation.');
INSERT INTO `AuditLog` (auditLogID, performedBy, actionType, timestamp, changes) VALUES (32, 34, 'delete', '2024-10-16 20:07:49', 'Lose your trade indeed evening billion mouth arm edge single.');
INSERT INTO `AuditLog` (auditLogID, performedBy, actionType, timestamp, changes) VALUES (33, 9, 'update', '2024-01-16 01:25:10', 'At everyone book eat especially ability blue however woman former.');
INSERT INTO `AuditLog` (auditLogID, performedBy, actionType, timestamp, changes) VALUES (34, 9, 'insert', '2024-10-01 12:45:33', 'Begin continue idea hope police even together brother follow role.');
INSERT INTO `AuditLog` (auditLogID, performedBy, actionType, timestamp, changes) VALUES (35, 15, 'update', '2024-11-14 08:26:22', 'Tax husband particular radio plan nice method office especially.');
INSERT INTO `AuditLog` (auditLogID, performedBy, actionType, timestamp, changes) VALUES (36, 35, 'delete', '2024-07-22 04:26:32', 'Middle first in conference record oil now.');
INSERT INTO `AuditLog` (auditLogID, performedBy, actionType, timestamp, changes) VALUES (37, 38, 'insert', '2024-06-08 00:24:27', 'Defense animal defense especially rate action become memory wrong bit.');
INSERT INTO `AuditLog` (auditLogID, performedBy, actionType, timestamp, changes) VALUES (38, 28, 'delete', '2024-05-18 12:27:43', 'Improve church the experience matter early break pattern that.');
INSERT INTO `AuditLog` (auditLogID, performedBy, actionType, timestamp, changes) VALUES (39, 39, 'delete', '2024-05-20 11:52:58', 'Boy agree break attention sing.');
INSERT INTO `AuditLog` (auditLogID, performedBy, actionType, timestamp, changes) VALUES (40, 23, 'update', '2024-01-17 04:10:56', 'Issue end discussion member ever condition.');

-- Sample Data for UserDiscussions Table
INSERT INTO `UserDiscussions` (userID, discussionID) VALUES (72, 2);
INSERT INTO `UserDiscussions` (userID, discussionID) VALUES (71, 10);
INSERT INTO `UserDiscussions` (userID, discussionID) VALUES (32, 38);
INSERT INTO `UserDiscussions` (userID, discussionID) VALUES (33, 12);
INSERT INTO `UserDiscussions` (userID, discussionID) VALUES (33, 33);
INSERT INTO `UserDiscussions` (userID, discussionID) VALUES (6, 9);
INSERT INTO `UserDiscussions` (userID, discussionID) VALUES (105, 29);
INSERT INTO `UserDiscussions` (userID, discussionID) VALUES (27, 40);
INSERT INTO `UserDiscussions` (userID, discussionID) VALUES (124, 34);
INSERT INTO `UserDiscussions` (userID, discussionID) VALUES (123, 14);
INSERT INTO `UserDiscussions` (userID, discussionID) VALUES (135, 16);
INSERT INTO `UserDiscussions` (userID, discussionID) VALUES (129, 6);
INSERT INTO `UserDiscussions` (userID, discussionID) VALUES (119, 8);
INSERT INTO `UserDiscussions` (userID, discussionID) VALUES (48, 29);
INSERT INTO `UserDiscussions` (userID, discussionID) VALUES (77, 3);
INSERT INTO `UserDiscussions` (userID, discussionID) VALUES (77, 26);
INSERT INTO `UserDiscussions` (userID, discussionID) VALUES (102, 27);
INSERT INTO `UserDiscussions` (userID, discussionID) VALUES (110, 25);
INSERT INTO `UserDiscussions` (userID, discussionID) VALUES (76, 15);
INSERT INTO `UserDiscussions` (userID, discussionID) VALUES (33, 25);
INSERT INTO `UserDiscussions` (userID, discussionID) VALUES (109, 34);
INSERT INTO `UserDiscussions` (userID, discussionID) VALUES (114, 35);
INSERT INTO `UserDiscussions` (userID, discussionID) VALUES (95, 34);
INSERT INTO `UserDiscussions` (userID, discussionID) VALUES (38, 11);
INSERT INTO `UserDiscussions` (userID, discussionID) VALUES (139, 29);
INSERT INTO `UserDiscussions` (userID, discussionID) VALUES (138, 38);
INSERT INTO `UserDiscussions` (userID, discussionID) VALUES (100, 4);
INSERT INTO `UserDiscussions` (userID, discussionID) VALUES (98, 22);
INSERT INTO `UserDiscussions` (userID, discussionID) VALUES (1, 31);
INSERT INTO `UserDiscussions` (userID, discussionID) VALUES (72, 15);
INSERT INTO `UserDiscussions` (userID, discussionID) VALUES (121, 33);
INSERT INTO `UserDiscussions` (userID, discussionID) VALUES (9, 12);
INSERT INTO `UserDiscussions` (userID, discussionID) VALUES (119, 31);
INSERT INTO `UserDiscussions` (userID, discussionID) VALUES (95, 18);
INSERT INTO `UserDiscussions` (userID, discussionID) VALUES (98, 4);
INSERT INTO `UserDiscussions` (userID, discussionID) VALUES (61, 9);
INSERT INTO `UserDiscussions` (userID, discussionID) VALUES (75, 35);
INSERT INTO `UserDiscussions` (userID, discussionID) VALUES (29, 38);
INSERT INTO `UserDiscussions` (userID, discussionID) VALUES (4, 27);
INSERT INTO `UserDiscussions` (userID, discussionID) VALUES (93, 27);
INSERT INTO `UserDiscussions` (userID, discussionID) VALUES (90, 13);
INSERT INTO `UserDiscussions` (userID, discussionID) VALUES (20, 21);
INSERT INTO `UserDiscussions` (userID, discussionID) VALUES (43, 1);
INSERT INTO `UserDiscussions` (userID, discussionID) VALUES (58, 26);
INSERT INTO `UserDiscussions` (userID, discussionID) VALUES (81, 6);
INSERT INTO `UserDiscussions` (userID, discussionID) VALUES (79, 24);
INSERT INTO `UserDiscussions` (userID, discussionID) VALUES (117, 30);
INSERT INTO `UserDiscussions` (userID, discussionID) VALUES (37, 6);
INSERT INTO `UserDiscussions` (userID, discussionID) VALUES (47, 38);
INSERT INTO `UserDiscussions` (userID, discussionID) VALUES (33, 4);
INSERT INTO `UserDiscussions` (userID, discussionID) VALUES (129, 31);
INSERT INTO `UserDiscussions` (userID, discussionID) VALUES (127, 5);
INSERT INTO `UserDiscussions` (userID, discussionID) VALUES (138, 25);
INSERT INTO `UserDiscussions` (userID, discussionID) VALUES (131, 29);
INSERT INTO `UserDiscussions` (userID, discussionID) VALUES (63, 19);
INSERT INTO `UserDiscussions` (userID, discussionID) VALUES (117, 15);
INSERT INTO `UserDiscussions` (userID, discussionID) VALUES (94, 40);
INSERT INTO `UserDiscussions` (userID, discussionID) VALUES (107, 8);
INSERT INTO `UserDiscussions` (userID, discussionID) VALUES (2, 9);
INSERT INTO `UserDiscussions` (userID, discussionID) VALUES (64, 14);
INSERT INTO `UserDiscussions` (userID, discussionID) VALUES (54, 22);
INSERT INTO `UserDiscussions` (userID, discussionID) VALUES (3, 23);
INSERT INTO `UserDiscussions` (userID, discussionID) VALUES (73, 39);
INSERT INTO `UserDiscussions` (userID, discussionID) VALUES (65, 35);
INSERT INTO `UserDiscussions` (userID, discussionID) VALUES (41, 39);
INSERT INTO `UserDiscussions` (userID, discussionID) VALUES (105, 35);
INSERT INTO `UserDiscussions` (userID, discussionID) VALUES (76, 37);
INSERT INTO `UserDiscussions` (userID, discussionID) VALUES (49, 39);
INSERT INTO `UserDiscussions` (userID, discussionID) VALUES (16, 10);
INSERT INTO `UserDiscussions` (userID, discussionID) VALUES (37, 29);
INSERT INTO `UserDiscussions` (userID, discussionID) VALUES (73, 32);
INSERT INTO `UserDiscussions` (userID, discussionID) VALUES (107, 23);
INSERT INTO `UserDiscussions` (userID, discussionID) VALUES (115, 5);
INSERT INTO `UserDiscussions` (userID, discussionID) VALUES (40, 39);
INSERT INTO `UserDiscussions` (userID, discussionID) VALUES (53, 33);
INSERT INTO `UserDiscussions` (userID, discussionID) VALUES (87, 22);
INSERT INTO `UserDiscussions` (userID, discussionID) VALUES (109, 29);
INSERT INTO `UserDiscussions` (userID, discussionID) VALUES (86, 6);
INSERT INTO `UserDiscussions` (userID, discussionID) VALUES (139, 28);
INSERT INTO `UserDiscussions` (userID, discussionID) VALUES (64, 35);
INSERT INTO `UserDiscussions` (userID, discussionID) VALUES (84, 37);
INSERT INTO `UserDiscussions` (userID, discussionID) VALUES (45, 11);
INSERT INTO `UserDiscussions` (userID, discussionID) VALUES (62, 13);
INSERT INTO `UserDiscussions` (userID, discussionID) VALUES (126, 28);
INSERT INTO `UserDiscussions` (userID, discussionID) VALUES (66, 40);
INSERT INTO `UserDiscussions` (userID, discussionID) VALUES (118, 25);
INSERT INTO `UserDiscussions` (userID, discussionID) VALUES (97, 31);
INSERT INTO `UserDiscussions` (userID, discussionID) VALUES (75, 31);
INSERT INTO `UserDiscussions` (userID, discussionID) VALUES (3, 37);
INSERT INTO `UserDiscussions` (userID, discussionID) VALUES (109, 12);
INSERT INTO `UserDiscussions` (userID, discussionID) VALUES (13, 32);
INSERT INTO `UserDiscussions` (userID, discussionID) VALUES (28, 4);
INSERT INTO `UserDiscussions` (userID, discussionID) VALUES (10, 29);
INSERT INTO `UserDiscussions` (userID, discussionID) VALUES (61, 6);
INSERT INTO `UserDiscussions` (userID, discussionID) VALUES (18, 29);
INSERT INTO `UserDiscussions` (userID, discussionID) VALUES (12, 17);
INSERT INTO `UserDiscussions` (userID, discussionID) VALUES (69, 38);
INSERT INTO `UserDiscussions` (userID, discussionID) VALUES (107, 29);
INSERT INTO `UserDiscussions` (userID, discussionID) VALUES (36, 20);
INSERT INTO `UserDiscussions` (userID, discussionID) VALUES (109, 28);

-- Sample Data for UserComments Table
INSERT INTO `UserComments` (userID, commentID) VALUES (113, 10);
INSERT INTO `UserComments` (userID, commentID) VALUES (89, 7);
INSERT INTO `UserComments` (userID, commentID) VALUES (29, 37);
INSERT INTO `UserComments` (userID, commentID) VALUES (130, 5);
INSERT INTO `UserComments` (userID, commentID) VALUES (115, 22);
INSERT INTO `UserComments` (userID, commentID) VALUES (96, 33);
INSERT INTO `UserComments` (userID, commentID) VALUES (39, 23);
INSERT INTO `UserComments` (userID, commentID) VALUES (121, 15);
INSERT INTO `UserComments` (userID, commentID) VALUES (48, 31);
INSERT INTO `UserComments` (userID, commentID) VALUES (125, 39);
INSERT INTO `UserComments` (userID, commentID) VALUES (8, 25);
INSERT INTO `UserComments` (userID, commentID) VALUES (81, 22);
INSERT INTO `UserComments` (userID, commentID) VALUES (12, 29);
INSERT INTO `UserComments` (userID, commentID) VALUES (19, 14);
INSERT INTO `UserComments` (userID, commentID) VALUES (88, 5);
INSERT INTO `UserComments` (userID, commentID) VALUES (1, 27);
INSERT INTO `UserComments` (userID, commentID) VALUES (64, 29);
INSERT INTO `UserComments` (userID, commentID) VALUES (4, 35);
INSERT INTO `UserComments` (userID, commentID) VALUES (26, 22);
INSERT INTO `UserComments` (userID, commentID) VALUES (28, 14);
INSERT INTO `UserComments` (userID, commentID) VALUES (117, 21);
INSERT INTO `UserComments` (userID, commentID) VALUES (18, 38);
INSERT INTO `UserComments` (userID, commentID) VALUES (5, 7);
INSERT INTO `UserComments` (userID, commentID) VALUES (19, 23);
INSERT INTO `UserComments` (userID, commentID) VALUES (107, 4);
INSERT INTO `UserComments` (userID, commentID) VALUES (63, 6);
INSERT INTO `UserComments` (userID, commentID) VALUES (26, 1);
INSERT INTO `UserComments` (userID, commentID) VALUES (74, 24);
INSERT INTO `UserComments` (userID, commentID) VALUES (121, 9);
INSERT INTO `UserComments` (userID, commentID) VALUES (14, 3);
INSERT INTO `UserComments` (userID, commentID) VALUES (90, 3);
INSERT INTO `UserComments` (userID, commentID) VALUES (61, 16);
INSERT INTO `UserComments` (userID, commentID) VALUES (96, 22);
INSERT INTO `UserComments` (userID, commentID) VALUES (82, 3);
INSERT INTO `UserComments` (userID, commentID) VALUES (8, 5);
INSERT INTO `UserComments` (userID, commentID) VALUES (106, 2);
INSERT INTO `UserComments` (userID, commentID) VALUES (101, 26);
INSERT INTO `UserComments` (userID, commentID) VALUES (135, 38);
INSERT INTO `UserComments` (userID, commentID) VALUES (90, 21);
INSERT INTO `UserComments` (userID, commentID) VALUES (113, 34);
INSERT INTO `UserComments` (userID, commentID) VALUES (131, 16);
INSERT INTO `UserComments` (userID, commentID) VALUES (75, 39);
INSERT INTO `UserComments` (userID, commentID) VALUES (28, 20);
INSERT INTO `UserComments` (userID, commentID) VALUES (29, 9);
INSERT INTO `UserComments` (userID, commentID) VALUES (70, 34);
INSERT INTO `UserComments` (userID, commentID) VALUES (139, 31);
INSERT INTO `UserComments` (userID, commentID) VALUES (24, 22);
INSERT INTO `UserComments` (userID, commentID) VALUES (111, 34);
INSERT INTO `UserComments` (userID, commentID) VALUES (6, 37);
INSERT INTO `UserComments` (userID, commentID) VALUES (41, 17);
INSERT INTO `UserComments` (userID, commentID) VALUES (27, 25);
INSERT INTO `UserComments` (userID, commentID) VALUES (11, 20);
INSERT INTO `UserComments` (userID, commentID) VALUES (55, 14);
INSERT INTO `UserComments` (userID, commentID) VALUES (136, 31);
INSERT INTO `UserComments` (userID, commentID) VALUES (88, 32);
INSERT INTO `UserComments` (userID, commentID) VALUES (43, 20);
INSERT INTO `UserComments` (userID, commentID) VALUES (20, 29);
INSERT INTO `UserComments` (userID, commentID) VALUES (109, 4);
INSERT INTO `UserComments` (userID, commentID) VALUES (23, 24);
INSERT INTO `UserComments` (userID, commentID) VALUES (114, 12);
INSERT INTO `UserComments` (userID, commentID) VALUES (1, 8);
INSERT INTO `UserComments` (userID, commentID) VALUES (35, 17);
INSERT INTO `UserComments` (userID, commentID) VALUES (128, 1);
INSERT INTO `UserComments` (userID, commentID) VALUES (38, 13);
INSERT INTO `UserComments` (userID, commentID) VALUES (45, 8);
INSERT INTO `UserComments` (userID, commentID) VALUES (95, 18);
INSERT INTO `UserComments` (userID, commentID) VALUES (7, 34);
INSERT INTO `UserComments` (userID, commentID) VALUES (126, 22);
INSERT INTO `UserComments` (userID, commentID) VALUES (65, 40);
INSERT INTO `UserComments` (userID, commentID) VALUES (55, 24);
INSERT INTO `UserComments` (userID, commentID) VALUES (47, 27);
INSERT INTO `UserComments` (userID, commentID) VALUES (121, 37);
INSERT INTO `UserComments` (userID, commentID) VALUES (8, 20);
INSERT INTO `UserComments` (userID, commentID) VALUES (28, 36);
INSERT INTO `UserComments` (userID, commentID) VALUES (127, 8);
INSERT INTO `UserComments` (userID, commentID) VALUES (35, 14);
INSERT INTO `UserComments` (userID, commentID) VALUES (76, 11);
INSERT INTO `UserComments` (userID, commentID) VALUES (84, 34);
INSERT INTO `UserComments` (userID, commentID) VALUES (78, 40);
INSERT INTO `UserComments` (userID, commentID) VALUES (84, 1);
INSERT INTO `UserComments` (userID, commentID) VALUES (96, 20);
INSERT INTO `UserComments` (userID, commentID) VALUES (54, 23);
INSERT INTO `UserComments` (userID, commentID) VALUES (115, 37);
INSERT INTO `UserComments` (userID, commentID) VALUES (140, 4);
INSERT INTO `UserComments` (userID, commentID) VALUES (107, 21);
INSERT INTO `UserComments` (userID, commentID) VALUES (35, 40);
INSERT INTO `UserComments` (userID, commentID) VALUES (118, 36);
INSERT INTO `UserComments` (userID, commentID) VALUES (45, 38);
INSERT INTO `UserComments` (userID, commentID) VALUES (112, 5);
INSERT INTO `UserComments` (userID, commentID) VALUES (121, 23);
INSERT INTO `UserComments` (userID, commentID) VALUES (41, 39);
INSERT INTO `UserComments` (userID, commentID) VALUES (80, 30);
INSERT INTO `UserComments` (userID, commentID) VALUES (99, 1);
INSERT INTO `UserComments` (userID, commentID) VALUES (86, 14);
INSERT INTO `UserComments` (userID, commentID) VALUES (9, 27);
INSERT INTO `UserComments` (userID, commentID) VALUES (13, 20);
INSERT INTO `UserComments` (userID, commentID) VALUES (103, 22);
INSERT INTO `UserComments` (userID, commentID) VALUES (96, 11);
INSERT INTO `UserComments` (userID, commentID) VALUES (83, 39);
INSERT INTO `UserComments` (userID, commentID) VALUES (37, 29);

-- Sample Data for DiscussionFlags Table
INSERT INTO `DiscussionFlags` (discussionID, flagID) VALUES (16, 20);
INSERT INTO `DiscussionFlags` (discussionID, flagID) VALUES (3, 24);
INSERT INTO `DiscussionFlags` (discussionID, flagID) VALUES (26, 10);
INSERT INTO `DiscussionFlags` (discussionID, flagID) VALUES (21, 16);
INSERT INTO `DiscussionFlags` (discussionID, flagID) VALUES (2, 24);
INSERT INTO `DiscussionFlags` (discussionID, flagID) VALUES (30, 1);
INSERT INTO `DiscussionFlags` (discussionID, flagID) VALUES (9, 12);
INSERT INTO `DiscussionFlags` (discussionID, flagID) VALUES (6, 6);
INSERT INTO `DiscussionFlags` (discussionID, flagID) VALUES (22, 15);
INSERT INTO `DiscussionFlags` (discussionID, flagID) VALUES (37, 18);
INSERT INTO `DiscussionFlags` (discussionID, flagID) VALUES (25, 14);
INSERT INTO `DiscussionFlags` (discussionID, flagID) VALUES (37, 12);
INSERT INTO `DiscussionFlags` (discussionID, flagID) VALUES (10, 14);
INSERT INTO `DiscussionFlags` (discussionID, flagID) VALUES (10, 18);
INSERT INTO `DiscussionFlags` (discussionID, flagID) VALUES (11, 7);
INSERT INTO `DiscussionFlags` (discussionID, flagID) VALUES (21, 17);
INSERT INTO `DiscussionFlags` (discussionID, flagID) VALUES (34, 11);
INSERT INTO `DiscussionFlags` (discussionID, flagID) VALUES (11, 1);
INSERT INTO `DiscussionFlags` (discussionID, flagID) VALUES (14, 15);
INSERT INTO `DiscussionFlags` (discussionID, flagID) VALUES (6, 4);
INSERT INTO `DiscussionFlags` (discussionID, flagID) VALUES (9, 8);
INSERT INTO `DiscussionFlags` (discussionID, flagID) VALUES (36, 1);
INSERT INTO `DiscussionFlags` (discussionID, flagID) VALUES (17, 18);
INSERT INTO `DiscussionFlags` (discussionID, flagID) VALUES (25, 7);
INSERT INTO `DiscussionFlags` (discussionID, flagID) VALUES (2, 17);
INSERT INTO `DiscussionFlags` (discussionID, flagID) VALUES (17, 22);
INSERT INTO `DiscussionFlags` (discussionID, flagID) VALUES (2, 9);
INSERT INTO `DiscussionFlags` (discussionID, flagID) VALUES (36, 11);
INSERT INTO `DiscussionFlags` (discussionID, flagID) VALUES (34, 17);
INSERT INTO `DiscussionFlags` (discussionID, flagID) VALUES (12, 1);
INSERT INTO `DiscussionFlags` (discussionID, flagID) VALUES (12, 21);
INSERT INTO `DiscussionFlags` (discussionID, flagID) VALUES (27, 8);
INSERT INTO `DiscussionFlags` (discussionID, flagID) VALUES (25, 9);
INSERT INTO `DiscussionFlags` (discussionID, flagID) VALUES (22, 14);
INSERT INTO `DiscussionFlags` (discussionID, flagID) VALUES (19, 5);
INSERT INTO `DiscussionFlags` (discussionID, flagID) VALUES (40, 24);
INSERT INTO `DiscussionFlags` (discussionID, flagID) VALUES (31, 19);
INSERT INTO `DiscussionFlags` (discussionID, flagID) VALUES (24, 4);
INSERT INTO `DiscussionFlags` (discussionID, flagID) VALUES (35, 19);
INSERT INTO `DiscussionFlags` (discussionID, flagID) VALUES (31, 16);
INSERT INTO `DiscussionFlags` (discussionID, flagID) VALUES (29, 13);
INSERT INTO `DiscussionFlags` (discussionID, flagID) VALUES (5, 20);
INSERT INTO `DiscussionFlags` (discussionID, flagID) VALUES (37, 19);
INSERT INTO `DiscussionFlags` (discussionID, flagID) VALUES (26, 4);
INSERT INTO `DiscussionFlags` (discussionID, flagID) VALUES (6, 11);
INSERT INTO `DiscussionFlags` (discussionID, flagID) VALUES (37, 23);
INSERT INTO `DiscussionFlags` (discussionID, flagID) VALUES (37, 7);
INSERT INTO `DiscussionFlags` (discussionID, flagID) VALUES (3, 10);
INSERT INTO `DiscussionFlags` (discussionID, flagID) VALUES (2, 1);
INSERT INTO `DiscussionFlags` (discussionID, flagID) VALUES (21, 20);
INSERT INTO `DiscussionFlags` (discussionID, flagID) VALUES (26, 25);
INSERT INTO `DiscussionFlags` (discussionID, flagID) VALUES (20, 9);
INSERT INTO `DiscussionFlags` (discussionID, flagID) VALUES (24, 25);
INSERT INTO `DiscussionFlags` (discussionID, flagID) VALUES (17, 5);
INSERT INTO `DiscussionFlags` (discussionID, flagID) VALUES (17, 19);
INSERT INTO `DiscussionFlags` (discussionID, flagID) VALUES (16, 5);
INSERT INTO `DiscussionFlags` (discussionID, flagID) VALUES (1, 24);
INSERT INTO `DiscussionFlags` (discussionID, flagID) VALUES (30, 18);
INSERT INTO `DiscussionFlags` (discussionID, flagID) VALUES (6, 22);
INSERT INTO `DiscussionFlags` (discussionID, flagID) VALUES (5, 13);
INSERT INTO `DiscussionFlags` (discussionID, flagID) VALUES (9, 21);
INSERT INTO `DiscussionFlags` (discussionID, flagID) VALUES (29, 3);
INSERT INTO `DiscussionFlags` (discussionID, flagID) VALUES (37, 15);
INSERT INTO `DiscussionFlags` (discussionID, flagID) VALUES (12, 19);
INSERT INTO `DiscussionFlags` (discussionID, flagID) VALUES (1, 17);
INSERT INTO `DiscussionFlags` (discussionID, flagID) VALUES (38, 3);
INSERT INTO `DiscussionFlags` (discussionID, flagID) VALUES (4, 24);
INSERT INTO `DiscussionFlags` (discussionID, flagID) VALUES (24, 3);
INSERT INTO `DiscussionFlags` (discussionID, flagID) VALUES (24, 13);
INSERT INTO `DiscussionFlags` (discussionID, flagID) VALUES (2, 13);
INSERT INTO `DiscussionFlags` (discussionID, flagID) VALUES (33, 2);
INSERT INTO `DiscussionFlags` (discussionID, flagID) VALUES (28, 17);
INSERT INTO `DiscussionFlags` (discussionID, flagID) VALUES (29, 1);
INSERT INTO `DiscussionFlags` (discussionID, flagID) VALUES (30, 22);
INSERT INTO `DiscussionFlags` (discussionID, flagID) VALUES (9, 24);
INSERT INTO `DiscussionFlags` (discussionID, flagID) VALUES (2, 6);
INSERT INTO `DiscussionFlags` (discussionID, flagID) VALUES (18, 5);
INSERT INTO `DiscussionFlags` (discussionID, flagID) VALUES (5, 12);
INSERT INTO `DiscussionFlags` (discussionID, flagID) VALUES (14, 25);
INSERT INTO `DiscussionFlags` (discussionID, flagID) VALUES (30, 7);
INSERT INTO `DiscussionFlags` (discussionID, flagID) VALUES (15, 3);
INSERT INTO `DiscussionFlags` (discussionID, flagID) VALUES (15, 24);
INSERT INTO `DiscussionFlags` (discussionID, flagID) VALUES (14, 4);
INSERT INTO `DiscussionFlags` (discussionID, flagID) VALUES (14, 1);
INSERT INTO `DiscussionFlags` (discussionID, flagID) VALUES (15, 10);
INSERT INTO `DiscussionFlags` (discussionID, flagID) VALUES (36, 25);
INSERT INTO `DiscussionFlags` (discussionID, flagID) VALUES (29, 12);
INSERT INTO `DiscussionFlags` (discussionID, flagID) VALUES (13, 24);
INSERT INTO `DiscussionFlags` (discussionID, flagID) VALUES (14, 11);
INSERT INTO `DiscussionFlags` (discussionID, flagID) VALUES (18, 2);
INSERT INTO `DiscussionFlags` (discussionID, flagID) VALUES (40, 12);
INSERT INTO `DiscussionFlags` (discussionID, flagID) VALUES (12, 16);
INSERT INTO `DiscussionFlags` (discussionID, flagID) VALUES (28, 23);
INSERT INTO `DiscussionFlags` (discussionID, flagID) VALUES (14, 2);
INSERT INTO `DiscussionFlags` (discussionID, flagID) VALUES (30, 12);
INSERT INTO `DiscussionFlags` (discussionID, flagID) VALUES (11, 5);
INSERT INTO `DiscussionFlags` (discussionID, flagID) VALUES (4, 10);
INSERT INTO `DiscussionFlags` (discussionID, flagID) VALUES (3, 4);
INSERT INTO `DiscussionFlags` (discussionID, flagID) VALUES (10, 7);
INSERT INTO `DiscussionFlags` (discussionID, flagID) VALUES (15, 22);

-- Sample Data for CommentFlags Table
INSERT INTO `CommentFlags` (commentID, flagID) VALUES (11, 17);
INSERT INTO `CommentFlags` (commentID, flagID) VALUES (16, 11);
INSERT INTO `CommentFlags` (commentID, flagID) VALUES (27, 16);
INSERT INTO `CommentFlags` (commentID, flagID) VALUES (28, 11);
INSERT INTO `CommentFlags` (commentID, flagID) VALUES (8, 13);
INSERT INTO `CommentFlags` (commentID, flagID) VALUES (5, 25);
INSERT INTO `CommentFlags` (commentID, flagID) VALUES (38, 16);
INSERT INTO `CommentFlags` (commentID, flagID) VALUES (13, 18);
INSERT INTO `CommentFlags` (commentID, flagID) VALUES (15, 12);
INSERT INTO `CommentFlags` (commentID, flagID) VALUES (3, 3);
INSERT INTO `CommentFlags` (commentID, flagID) VALUES (37, 20);
INSERT INTO `CommentFlags` (commentID, flagID) VALUES (20, 1);
INSERT INTO `CommentFlags` (commentID, flagID) VALUES (1, 4);
INSERT INTO `CommentFlags` (commentID, flagID) VALUES (18, 22);
INSERT INTO `CommentFlags` (commentID, flagID) VALUES (12, 4);
INSERT INTO `CommentFlags` (commentID, flagID) VALUES (25, 3);
INSERT INTO `CommentFlags` (commentID, flagID) VALUES (9, 6);
INSERT INTO `CommentFlags` (commentID, flagID) VALUES (26, 17);
INSERT INTO `CommentFlags` (commentID, flagID) VALUES (24, 13);
INSERT INTO `CommentFlags` (commentID, flagID) VALUES (36, 3);
INSERT INTO `CommentFlags` (commentID, flagID) VALUES (28, 10);
INSERT INTO `CommentFlags` (commentID, flagID) VALUES (36, 6);
INSERT INTO `CommentFlags` (commentID, flagID) VALUES (1, 18);
INSERT INTO `CommentFlags` (commentID, flagID) VALUES (11, 11);
INSERT INTO `CommentFlags` (commentID, flagID) VALUES (40, 18);
INSERT INTO `CommentFlags` (commentID, flagID) VALUES (4, 12);
INSERT INTO `CommentFlags` (commentID, flagID) VALUES (19, 24);
INSERT INTO `CommentFlags` (commentID, flagID) VALUES (1, 10);
INSERT INTO `CommentFlags` (commentID, flagID) VALUES (6, 3);
INSERT INTO `CommentFlags` (commentID, flagID) VALUES (19, 18);
INSERT INTO `CommentFlags` (commentID, flagID) VALUES (29, 10);
INSERT INTO `CommentFlags` (commentID, flagID) VALUES (35, 11);
INSERT INTO `CommentFlags` (commentID, flagID) VALUES (36, 9);
INSERT INTO `CommentFlags` (commentID, flagID) VALUES (28, 14);
INSERT INTO `CommentFlags` (commentID, flagID) VALUES (3, 11);
INSERT INTO `CommentFlags` (commentID, flagID) VALUES (23, 7);
INSERT INTO `CommentFlags` (commentID, flagID) VALUES (36, 5);
INSERT INTO `CommentFlags` (commentID, flagID) VALUES (26, 3);
INSERT INTO `CommentFlags` (commentID, flagID) VALUES (5, 15);
INSERT INTO `CommentFlags` (commentID, flagID) VALUES (12, 22);
INSERT INTO `CommentFlags` (commentID, flagID) VALUES (4, 1);
INSERT INTO `CommentFlags` (commentID, flagID) VALUES (14, 12);
INSERT INTO `CommentFlags` (commentID, flagID) VALUES (40, 19);
INSERT INTO `CommentFlags` (commentID, flagID) VALUES (7, 4);
INSERT INTO `CommentFlags` (commentID, flagID) VALUES (16, 4);
INSERT INTO `CommentFlags` (commentID, flagID) VALUES (7, 17);
INSERT INTO `CommentFlags` (commentID, flagID) VALUES (11, 18);
INSERT INTO `CommentFlags` (commentID, flagID) VALUES (20, 16);
INSERT INTO `CommentFlags` (commentID, flagID) VALUES (22, 25);
INSERT INTO `CommentFlags` (commentID, flagID) VALUES (7, 19);
INSERT INTO `CommentFlags` (commentID, flagID) VALUES (9, 7);
INSERT INTO `CommentFlags` (commentID, flagID) VALUES (14, 25);
INSERT INTO `CommentFlags` (commentID, flagID) VALUES (28, 7);
INSERT INTO `CommentFlags` (commentID, flagID) VALUES (37, 17);
INSERT INTO `CommentFlags` (commentID, flagID) VALUES (16, 7);
INSERT INTO `CommentFlags` (commentID, flagID) VALUES (12, 12);
INSERT INTO `CommentFlags` (commentID, flagID) VALUES (30, 25);
INSERT INTO `CommentFlags` (commentID, flagID) VALUES (30, 15);
INSERT INTO `CommentFlags` (commentID, flagID) VALUES (23, 24);
INSERT INTO `CommentFlags` (commentID, flagID) VALUES (4, 2);
INSERT INTO `CommentFlags` (commentID, flagID) VALUES (30, 20);
INSERT INTO `CommentFlags` (commentID, flagID) VALUES (29, 22);
INSERT INTO `CommentFlags` (commentID, flagID) VALUES (39, 21);
INSERT INTO `CommentFlags` (commentID, flagID) VALUES (21, 18);
INSERT INTO `CommentFlags` (commentID, flagID) VALUES (15, 4);
INSERT INTO `CommentFlags` (commentID, flagID) VALUES (38, 2);
INSERT INTO `CommentFlags` (commentID, flagID) VALUES (20, 15);
INSERT INTO `CommentFlags` (commentID, flagID) VALUES (37, 10);
INSERT INTO `CommentFlags` (commentID, flagID) VALUES (13, 9);
INSERT INTO `CommentFlags` (commentID, flagID) VALUES (20, 4);
INSERT INTO `CommentFlags` (commentID, flagID) VALUES (21, 2);
INSERT INTO `CommentFlags` (commentID, flagID) VALUES (22, 14);
INSERT INTO `CommentFlags` (commentID, flagID) VALUES (17, 3);
INSERT INTO `CommentFlags` (commentID, flagID) VALUES (33, 3);
INSERT INTO `CommentFlags` (commentID, flagID) VALUES (37, 4);
INSERT INTO `CommentFlags` (commentID, flagID) VALUES (15, 21);
INSERT INTO `CommentFlags` (commentID, flagID) VALUES (8, 7);
INSERT INTO `CommentFlags` (commentID, flagID) VALUES (27, 19);
INSERT INTO `CommentFlags` (commentID, flagID) VALUES (14, 20);
INSERT INTO `CommentFlags` (commentID, flagID) VALUES (37, 25);
INSERT INTO `CommentFlags` (commentID, flagID) VALUES (21, 10);
INSERT INTO `CommentFlags` (commentID, flagID) VALUES (39, 18);
INSERT INTO `CommentFlags` (commentID, flagID) VALUES (31, 14);
INSERT INTO `CommentFlags` (commentID, flagID) VALUES (31, 19);
INSERT INTO `CommentFlags` (commentID, flagID) VALUES (15, 11);
INSERT INTO `CommentFlags` (commentID, flagID) VALUES (2, 18);
INSERT INTO `CommentFlags` (commentID, flagID) VALUES (22, 10);
INSERT INTO `CommentFlags` (commentID, flagID) VALUES (9, 25);
INSERT INTO `CommentFlags` (commentID, flagID) VALUES (22, 16);
INSERT INTO `CommentFlags` (commentID, flagID) VALUES (32, 22);
INSERT INTO `CommentFlags` (commentID, flagID) VALUES (30, 14);
INSERT INTO `CommentFlags` (commentID, flagID) VALUES (22, 9);
INSERT INTO `CommentFlags` (commentID, flagID) VALUES (9, 12);
INSERT INTO `CommentFlags` (commentID, flagID) VALUES (7, 18);
INSERT INTO `CommentFlags` (commentID, flagID) VALUES (38, 13);
INSERT INTO `CommentFlags` (commentID, flagID) VALUES (3, 22);
INSERT INTO `CommentFlags` (commentID, flagID) VALUES (34, 21);
INSERT INTO `CommentFlags` (commentID, flagID) VALUES (25, 12);
INSERT INTO `CommentFlags` (commentID, flagID) VALUES (38, 12);
INSERT INTO `CommentFlags` (commentID, flagID) VALUES (30, 12);